PUBCHEM_CID,Actual,Predicted,Dataset
158,-0.568636236,-0.85050106,lgFu_test
471,-2.602059991,-1.3676581,lgFu_test
681,-0.045757495,-0.24301124,lgFu_test
896,-0.302770657,-0.70283234,lgFu_test
991,-2.903089987,-2.3038697,lgFu_test
996,-0.145664764,-0.21561098,lgFu_test
1345,-1.792177551,-1.9562446,lgFu_test
1493,-1.56501616,-0.55954516,lgFu_test
1593,-0.698970004,-1.4142327,lgFu_test
1676,-0.37135275,-0.13289201,lgFu_test
1805,-0.004364803,-0.008721814,lgFu_test
1978,-0.13076828,-0.2792641,lgFu_test
2099,-0.638272164,-0.9245117,lgFu_test
2141,-0.017728771,-0.08367129,lgFu_test
2154,-0.124938737,-0.6984509,lgFu_test
2165,-1.0,-1.3863702,lgFu_test
2179,-1.572676214,-2.087201,lgFu_test
2268,-0.670683749,-1.7982569,lgFu_test
2269,-0.084424303,-0.31068635,lgFu_test
2294,-0.045757495,-0.19965789,lgFu_test
2315,-1.22184875,-0.95448846,lgFu_test
2344,-1.301029996,-0.9191315,lgFu_test
2351,-2.124938737,-0.945668,lgFu_test
2381,-1.013228266,-0.7852439,lgFu_test
2441,-0.408935393,-0.6244617,lgFu_test
2471,-0.853871964,-1.6133337,lgFu_test
2474,-1.301029996,-0.53046805,lgFu_test
2528,0.0,-0.3064831,lgFu_test
2541,-2.602059991,-2.0633624,lgFu_test
2585,-1.698970004,-1.5757856,lgFu_test
2612,-0.610833913,-0.28236794,lgFu_test
2655,-0.143673977,-0.35368818,lgFu_test
2684,-0.070581069,-0.05185917,lgFu_test
2708,-0.472370099,-1.993824,lgFu_test
2710,-0.886056648,-0.9585772,lgFu_test
2732,-0.602059991,-0.68840504,lgFu_test
2733,-0.073143291,-1.3235037,lgFu_test
2756,-0.096910013,-0.2866452,lgFu_test
2762,-0.443697493,-0.7516744,lgFu_test
2764,-0.15490196,-0.3031002,lgFu_test
2783,-0.301029996,-0.35536638,lgFu_test
2801,-1.522878745,-0.8775822,lgFu_test
2802,-0.823908741,-1.353824,lgFu_test
2806,-1.782715548,-1.4982363,lgFu_test
2879,-0.486928866,-0.46264204,lgFu_test
2907,-0.096910013,-0.040173486,lgFu_test
2942,-0.005096556,-0.13034646,lgFu_test
3016,-1.455931956,-1.1247351,lgFu_test
3019,-1.22184875,-0.65078247,lgFu_test
3103,-2.0,-0.71535707,lgFu_test
3111,-0.397940003,-0.6145862,lgFu_test
3118,-2.902803447,-1.9677838,lgFu_test
3151,-1.091514981,-0.95714426,lgFu_test
3157,-1.607889538,-1.2849796,lgFu_test
3168,-1.301029987,-1.0827762,lgFu_test
3229,-0.187086643,-0.35985726,lgFu_test
3249,-2.301029996,-1.3862784,lgFu_test
3289,-1.03349924,-2.194144,lgFu_test
3306,-0.113509275,-0.17789946,lgFu_test
3325,-0.083546051,-0.25614497,lgFu_test
3343,-0.275724137,-0.50678974,lgFu_test
3347,-2.951541884,-2.1322684,lgFu_test
3356,-0.250509954,-0.7819061,lgFu_test
3357,-0.13667714,-0.39526886,lgFu_test
3365,-0.053056729,-0.3761451,lgFu_test
3373,-0.301029996,-0.5080551,lgFu_test
3446,-0.013228266,-0.11383124,lgFu_test
3478,-1.823908741,-1.1097379,lgFu_test
3519,-0.494850022,-0.31389895,lgFu_test
3559,-0.612610174,-1.0090299,lgFu_test
3657,0.0,-0.04736884,lgFu_test
3676,-0.522878745,-0.32064423,lgFu_test
3730,-0.005096556,-0.19380116,lgFu_test
3749,-1.0,-1.779127,lgFu_test
3767,-0.022276395,-0.0630402,lgFu_test
3779,-0.214138307,-0.173621,lgFu_test
3822,-1.259637311,-1.0993239,lgFu_test
3825,-2.0,-1.6249311,lgFu_test
3869,-0.301029996,-0.401505,lgFu_test
3883,-1.739430958,-1.7326244,lgFu_test
3958,-0.823908741,-1.621383,lgFu_test
3961,-1.853871964,-1.9411612,lgFu_test
3965,-1.397940009,-1.0400734,lgFu_test
4030,-1.124938737,-1.5499718,lgFu_test
4041,-2.124938737,-1.2645713,lgFu_test
4046,-1.650804724,-0.6260638,lgFu_test
4054,-0.259637307,-0.32813036,lgFu_test
4058,-0.37675071,-0.366708,lgFu_test
4062,-0.576754126,-0.40673357,lgFu_test
4174,-0.051489231,-0.90753365,lgFu_test
4178,-0.346787486,-0.4909109,lgFu_test
4197,-0.522878745,-0.9187946,lgFu_test
4212,-0.660051938,-0.48959935,lgFu_test
4264,-1.397940009,-0.8157958,lgFu_test
4342,-0.045757491,-0.2581417,lgFu_test
4411,-0.53387413,-0.22972827,lgFu_test
4440,-0.124938737,-0.34544316,lgFu_test
4485,-1.301029996,-0.5608939,lgFu_test
4499,-2.0,-1.0796008,lgFu_test
4506,-0.886056648,-0.91461015,lgFu_test
4509,-0.41595161,-0.110474855,lgFu_test
4583,-0.167491087,-0.41238838,lgFu_test
4594,-1.301029996,-1.4532136,lgFu_test
4631,-0.576754126,-0.30852258,lgFu_test
4634,-1.453567191,-0.8838053,lgFu_test
4679,-1.698970004,-1.6077149,lgFu_test
4739,-0.013228259,-0.037863582,lgFu_test
4746,-1.403437701,-1.6302125,lgFu_test
4790,-1.889312012,-1.840039,lgFu_test
4828,-0.22184875,-0.33628705,lgFu_test
4831,-0.154901963,-0.38385144,lgFu_test
4836,-0.11350928,-0.12038803,lgFu_test
4906,-0.145693958,-0.31812677,lgFu_test
4919,-0.301029996,-0.54814065,lgFu_test
4929,-2.903089987,-1.7616078,lgFu_test
4943,-1.677780705,-1.3731775,lgFu_test
4976,-1.096910018,-0.6694509,lgFu_test
5002,-0.769551079,-1.0548568,lgFu_test
5029,-1.431798276,-1.3681071,lgFu_test
5035,-1.88941029,-2.0498507,lgFu_test
5070,-1.470029056,-1.2897182,lgFu_test
5074,-2.0,-1.6446458,lgFu_test
5076,-1.789146635,-1.2248564,lgFu_test
5095,-0.221848742,-0.31484413,lgFu_test
5125,-1.171225208,-2.9088268,lgFu_test
5155,-0.00290499,0.011471868,lgFu_test
5193,-0.301029996,-0.21145809,lgFu_test
5215,-0.346787486,-0.5407667,lgFu_test
5216,-0.547574867,-1.274032,lgFu_test
5253,-0.000434512,-0.10911557,lgFu_test
5291,-1.072119311,-1.6102827,lgFu_test
5329,-0.638272164,-1.0584937,lgFu_test
5339,-2.259637311,-2.0138836,lgFu_test
5344,-1.102372909,-1.3258028,lgFu_test
5358,-0.083546051,-0.29937565,lgFu_test
5379,-0.096910013,-0.34966767,lgFu_test
5403,-0.13076828,-0.105504274,lgFu_test
5467,-0.001087096,-0.2272065,lgFu_test
5472,-1.425968732,-1.2578633,lgFu_test
5487,-0.15490196,-0.5102992,lgFu_test
5504,-0.11350928,-0.370843,lgFu_test
5556,-1.0,-0.9685731,lgFu_test
5566,-2.108226859,-1.3236105,lgFu_test
5717,-2.0,-2.2305634,lgFu_test
5735,-0.698970004,-0.35634577,lgFu_test
5754,-1.0,-0.473431,lgFu_test
5954,-1.950468952,-2.2771406,lgFu_test
5959,-0.358525889,-0.4322796,lgFu_test
6249,-0.070581074,-0.20291427,lgFu_test
6292,-0.823908726,-1.3709605,lgFu_test
6464,-0.420216403,-0.13715392,lgFu_test
6569,-0.058304752,-0.43225628,lgFu_test
6634,-1.522878745,-1.3054004,lgFu_test
6643,-3.0,-1.2941487,lgFu_test
6726,-0.397940003,-0.6818346,lgFu_test
7028,0.0,-0.39325476,lgFu_test
7421,-0.616184634,-0.3785525,lgFu_test
7714,-1.462180905,-1.3289254,lgFu_test
7964,-0.694605633,-1.2093093,lgFu_test
8223,-1.698970004,-0.86396325,lgFu_test
8268,-2.90308726,-2.4249768,lgFu_test
8411,-0.586340928,-1.0305102,lgFu_test
8461,-1.017633775,-1.2387942,lgFu_test
8652,-1.725842151,-1.706448,lgFu_test
8784,-1.301899454,-0.55754566,lgFu_test
9565,-0.698970004,-0.8312918,lgFu_test
9801,-1.522878745,-1.4253647,lgFu_test
10391,-0.275724143,-0.5703342,lgFu_test
10707,-1.15805269,-0.38203672,lgFu_test
10783,-0.443697496,-1.0667179,lgFu_test
10800,-2.57888987,-1.5084624,lgFu_test
12281,-1.282329497,-0.9124731,lgFu_test
12560,-1.0,-0.3866956,lgFu_test
12932,-2.170696227,-2.0545726,lgFu_test
13263,-2.488116639,-1.7724879,lgFu_test
13314,-0.920818754,-1.5010501,lgFu_test
13342,-0.853871964,-0.37712586,lgFu_test
13878,-0.337950837,-0.45718673,lgFu_test
15387,-0.301029996,-0.4241494,lgFu_test
16003,-1.719877104,-2.4481215,lgFu_test
16421,-1.993107788,-2.4356804,lgFu_test
17004,-1.565431096,-1.2069306,lgFu_test
22419,-2.124938737,-1.4749919,lgFu_test
26098,-2.259637311,-0.386072,lgFu_test
27447,-0.070581074,-0.2424665,lgFu_test
29393,-2.425968732,-2.5920067,lgFu_test
30479,-0.310831784,-0.49869964,lgFu_test
30668,-0.397940003,-0.599491,lgFu_test
31072,-0.031517049,-0.17866458,lgFu_test
31315,-1.575118363,-1.7107027,lgFu_test
31703,-0.602059991,-0.9989617,lgFu_test
31729,-0.183758698,-0.5009174,lgFu_test
32154,-1.165837953,-1.6677359,lgFu_test
33255,-0.838631998,-0.39740458,lgFu_test
33613,-0.096910013,-0.18862501,lgFu_test
35935,-2.602059991,-1.5032988,lgFu_test
37910,-1.045757491,-0.66782594,lgFu_test
38103,-0.022276395,-0.23256862,lgFu_test
38360,-1.598599459,-1.5979221,lgFu_test
38479,-2.903089987,-2.6256864,lgFu_test
38853,-0.070581074,-0.25542477,lgFu_test
38945,-0.060480747,-0.33867085,lgFu_test
39186,-0.698970004,-0.8107361,lgFu_test
41049,-0.136677137,-0.28201154,lgFu_test
41384,-3.0,-1.5155103,lgFu_test
41385,-0.028260409,-0.30024958,lgFu_test
41684,-1.301029996,-1.7473309,lgFu_test
41781,-2.0,-1.3106703,lgFu_test
43234,-1.294136288,-1.8089058,lgFu_test
44097,-0.11350928,-0.21131346,lgFu_test
44187,-0.903089987,-0.64240825,lgFu_test
47528,-0.124938737,-0.13243733,lgFu_test
47965,-0.408935393,-0.2365237,lgFu_test
51081,-0.124938737,-0.32454783,lgFu_test
51556,-1.769551079,-2.2538373,lgFu_test
53084,-0.065501549,-0.2933041,lgFu_test
53276,-0.823908741,-1.3281162,lgFu_test
54477,-0.657577319,-0.38660213,lgFu_test
54740,-0.537724573,-0.42519766,lgFu_test
54766,-0.259637307,-0.4085353,lgFu_test
54841,-1.698970004,-0.5691916,lgFu_test
58505,-0.017728767,-0.16613062,lgFu_test
59708,-0.037788562,-0.19245979,lgFu_test
60063,-0.017728767,-0.40195537,lgFu_test
60172,-0.017728767,-0.2568928,lgFu_test
60404,-0.911863911,-1.7059658,lgFu_test
60464,-0.213248578,-0.30361784,lgFu_test
60648,-1.420216403,-1.4333614,lgFu_test
60726,-2.805023443,-1.428871,lgFu_test
60753,-0.22184875,-0.22254197,lgFu_test
60795,-2.0,-1.4414964,lgFu_test
60815,-0.610833916,-0.33581918,lgFu_test
60854,-2.734260541,-1.7016165,lgFu_test
60855,-0.045757491,-0.118460715,lgFu_test
60857,-0.124938737,-0.30177101,lgFu_test
61719,-2.137868621,-2.0490973,lgFu_test
62459,-1.903089987,-1.3281128,lgFu_test
65015,-0.37675071,-0.32180786,lgFu_test
65820,-1.698970004,-2.032909,lgFu_test
65863,-2.0,-2.1044624,lgFu_test
65871,-1.718966633,-1.5682074,lgFu_test
65906,-1.698970004,-1.8750226,lgFu_test
65981,-1.698970004,-1.5458269,lgFu_test
65999,-2.22184875,-2.2280211,lgFu_test
67734,-2.872247808,-2.135933,lgFu_test
67818,-2.785175087,-1.9965382,lgFu_test
68740,-0.107905401,-0.20818354,lgFu_test
68741,-1.522878745,-1.1950129,lgFu_test
68770,-0.408935393,-0.57884026,lgFu_test
69785,-2.819609297,-2.4618301,lgFu_test
70837,-1.732828272,-1.6207561,lgFu_test
71329,-0.417325893,-0.7402461,lgFu_test
71616,-0.37675071,-0.64059114,lgFu_test
71733,-0.721246399,-0.43131018,lgFu_test
71771,-2.0,-1.6563134,lgFu_test
77999,-2.49148333,-1.8678596,lgFu_test
79878,-2.286509457,-1.4435955,lgFu_test
84029,-0.236572006,-0.3994596,lgFu_test
86173,-2.15490196,-2.136913,lgFu_test
86367,-2.647817482,-1.7353525,lgFu_test
89386,-2.124938737,-1.11554,lgFu_test
91754,-2.903089987,-2.394057,lgFu_test
104838,-0.065501549,-0.26566064,lgFu_test
104865,-1.748445282,-2.048754,lgFu_test
105010,-1.215627614,-1.868161,lgFu_test
107994,-0.494850022,-0.8498632,lgFu_test
115237,-0.638272164,-0.81916267,lgFu_test
119607,-1.65490196,-1.572921,lgFu_test
121892,-0.855425792,-1.5362918,lgFu_test
122087,-2.056134662,-1.3463936,lgFu_test
123610,-0.124938737,-0.32659414,lgFu_test
126941,-0.301029996,-0.7067411,lgFu_test
129211,-2.0,-0.55743575,lgFu_test
149096,-0.161150909,-0.40879363,lgFu_test
150610,-1.15490196,-0.56171805,lgFu_test
151171,-2.301029996,-2.0685363,lgFu_test
151172,-0.345823458,-0.29350907,lgFu_test
151174,-2.057991947,-1.778105,lgFu_test
152946,-0.301029996,-0.4669795,lgFu_test
155774,-0.013228266,-0.2545229,lgFu_test
158781,-2.0,-1.5080421,lgFu_test
159324,-2.15490196,-1.7076783,lgFu_test
175805,-1.22184875,-0.51165193,lgFu_test
176879,-0.077447531,-1.5528316,lgFu_test
183797,-0.266000713,-0.24723577,lgFu_test
208898,-3.045757491,-1.252304,lgFu_test
208908,-2.292513326,-1.6905625,lgFu_test
213027,-0.293680578,-0.35541624,lgFu_test
213032,-2.013228266,-2.0657074,lgFu_test
213043,-1.15490196,-1.0092843,lgFu_test
214356,-1.380211243,-0.4404001,lgFu_test
216210,-0.276708554,-0.990483,lgFu_test
242973,-2.508638306,-1.4697995,lgFu_test
248862,-0.10145764,-0.10156572,lgFu_test
319260,-1.226213555,-1.2106341,lgFu_test
354624,-0.27572413,-0.19025075,lgFu_test
439739,-0.863279433,-0.93390965,lgFu_test
441243,-1.698970004,-1.3548722,lgFu_test
441314,-0.045757491,-0.010490328,lgFu_test
443879,-1.431798276,-0.64861745,lgFu_test
446156,-2.096910013,-1.1924934,lgFu_test
446598,-1.22184875,-0.14536944,lgFu_test
449193,-2.301029996,-2.0656698,lgFu_test
459877,-1.2644011,-1.4718342,lgFu_test
461399,-0.292429824,-0.62900114,lgFu_test
468595,-1.698970004,-1.501864,lgFu_test
619285,-1.886056648,-0.9687505,lgFu_test
644809,-1.76700389,-0.91801846,lgFu_test
646135,-0.996108834,-1.264148,lgFu_test
669092,-0.855425792,-0.8096005,lgFu_test
752812,-2.22184875,-1.5818102,lgFu_test
1246102,-0.249491605,-1.0596007,lgFu_test
1374121,-1.679853714,-1.6164802,lgFu_test
1536986,-3.0,-2.3808122,lgFu_test
2106159,-2.48148606,-2.1490808,lgFu_test
2723601,-0.094743951,-0.07156846,lgFu_test
3000540,-0.552841969,-0.20818722,lgFu_test
3022645,-1.721246399,-0.8916544,lgFu_test
3317081,-1.240332155,-1.9738916,lgFu_test
3504707,-0.397940009,-0.23114954,lgFu_test
3794430,-2.0,-1.159444,lgFu_test
3829283,-2.37675071,-1.8306063,lgFu_test
4475886,-0.602059991,-0.92624515,lgFu_test
4580358,-0.110698297,-0.33093902,lgFu_test
4659180,-1.698970004,-1.3868488,lgFu_test
4988454,-3.0,-2.0478907,lgFu_test
5280961,-1.615145733,-1.5265644,lgFu_test
5281037,-1.657577319,-1.7299124,lgFu_test
5281040,-2.397940009,-2.122363,lgFu_test
5281708,-1.257274869,-1.5602361,lgFu_test
5284371,-0.075720714,-0.39426473,lgFu_test
5284596,-0.255707017,-0.3341164,lgFu_test
5284603,-0.259637311,-0.36629432,lgFu_test
5288826,-0.170696227,-0.34198245,lgFu_test
5329334,-0.581698709,-0.49480194,lgFu_test
5330524,-2.397940009,-2.3606162,lgFu_test
5330790,-0.721475035,-1.0080394,lgFu_test
5361092,-0.698970004,-0.74929655,lgFu_test
5362065,-0.455931956,-0.238418,lgFu_test
5362119,0.0,-0.26522255,lgFu_test
5362440,-0.408935393,-1.2521739,lgFu_test
5462501,-0.207608311,-0.3478024,lgFu_test
5479530,-1.301029996,-0.49041337,lgFu_test
5479537,-0.096910013,-0.19520308,lgFu_test
5487888,-0.107905397,-0.28203267,lgFu_test
5742673,-0.30980392,-0.28049877,lgFu_test
5742832,-0.356547324,-0.25882456,lgFu_test
6410758,-0.397940009,-0.36392727,lgFu_test
6422843,-2.647817482,-1.4474255,lgFu_test
6433110,-0.468521083,-0.69199485,lgFu_test
6803597,-0.455931962,-0.322546,lgFu_test
6918554,-1.366531544,-1.2472563,lgFu_test
7586151,-2.0,-1.4542758,lgFu_test
9800339,-0.388382889,-0.991289,lgFu_test
9804052,-0.107905397,-0.7435458,lgFu_test
9809656,-0.045757491,-0.37833104,lgFu_test
9817917,-0.332080315,-0.6797874,lgFu_test
9852981,-0.096910013,-0.88121307,lgFu_test
9913233,-0.229147988,-0.52670336,lgFu_test
9931954,-0.634699251,-0.69267833,lgFu_test
9932689,-0.545612533,-1.0725929,lgFu_test
9974121,-0.455931959,-0.36558655,lgFu_test
10024993,-0.002613616,-0.20909023,lgFu_test
10046647,-1.059483515,-0.8345433,lgFu_test
10073306,-1.0,-1.1815773,lgFu_test
10092649,-0.450261269,-0.55393815,lgFu_test
10126799,-1.552841969,-1.9643313,lgFu_test
10231705,-1.105683937,-0.58984613,lgFu_test
10268287,-2.0,-1.9244277,lgFu_test
10298858,-0.197910742,-1.1367939,lgFu_test
10302451,-1.045757491,-1.4968723,lgFu_test
10412910,-0.001740662,-0.13573085,lgFu_test
10432087,-0.001740662,-0.051668093,lgFu_test
10456473,-0.350665141,-0.74039185,lgFu_test
11189402,-1.815308569,-1.8614206,lgFu_test
11225163,-1.318758763,-1.2545685,lgFu_test
11236372,-0.958607315,-1.3110396,lgFu_test
11289630,-1.15490196,-0.65591884,lgFu_test
11302765,-0.769551079,-0.3297922,lgFu_test
11319053,-1.387216143,-1.1757574,lgFu_test
11403482,-2.124938737,-1.7863164,lgFu_test
11486328,-2.301029996,-1.9941409,lgFu_test
11517212,-1.48148606,-1.0087659,lgFu_test
11552706,-0.924818145,-1.8474274,lgFu_test
11632704,-0.26760624,-0.64241457,lgFu_test
11634725,-2.0,-2.024894,lgFu_test
11635365,-0.549750892,-0.9147507,lgFu_test
11663809,-1.602059991,-0.9198152,lgFu_test
11696868,-2.15490196,-1.9246845,lgFu_test
11710873,-0.602059991,-0.66888005,lgFu_test
11784975,-1.999034768,-1.930104,lgFu_test
11848948,-1.698970004,-1.3413203,lgFu_test
11992827,-0.707743929,-0.6204332,lgFu_test
11993740,-0.075720714,-0.59370977,lgFu_test
11995989,-1.568636236,-1.3696624,lgFu_test
11996131,-1.148741651,-1.4899704,lgFu_test
13559279,-2.30980392,-1.6229646,lgFu_test
15015051,-1.0,-1.7608361,lgFu_test
15434242,-0.522878745,-0.2895781,lgFu_test
15958282,-1.920818754,-1.392692,lgFu_test
15959138,-1.0,-0.74597347,lgFu_test
15981895,-0.924818145,-0.57032514,lgFu_test
15983809,-1.581698709,-0.65261364,lgFu_test
16097523,-1.161150909,-1.5596602,lgFu_test
16956771,-2.15490196,-1.6527969,lgFu_test
17756785,-0.25375513,-0.30327022,lgFu_test
17963315,-0.729554092,-1.546684,lgFu_test
21177736,-1.920818754,-1.8520284,lgFu_test
21638785,-0.37675071,-0.4049843,lgFu_test
21874792,-2.0,-2.1251764,lgFu_test
21946298,-2.045757491,-1.9224072,lgFu_test
22137455,-0.596707855,-0.608462,lgFu_test
22341299,-1.728158393,-1.5178618,lgFu_test
23519852,-2.698970004,-2.0251665,lgFu_test
23626282,-0.301029996,-0.44741237,lgFu_test
24849206,-0.638272164,-1.4954588,lgFu_test
24996322,-0.251811973,-0.70418584,lgFu_test
25014511,-1.070581074,-1.3244153,lgFu_test
25014684,-1.388276692,-1.336684,lgFu_test
25026446,-1.167491087,-1.2334872,lgFu_test
25068753,-0.283996656,-0.27317405,lgFu_test
25115962,-0.408935393,-0.62650704,lgFu_test
25118127,-0.301029996,-0.07369439,lgFu_test
25122581,-1.493494968,-1.7869716,lgFu_test
25195162,-1.522878745,-1.3286042,lgFu_test
25223022,-1.37675071,-1.6975105,lgFu_test
25223221,-1.443697499,-1.8370211,lgFu_test
25223222,-1.408935393,-1.6435637,lgFu_test
25223322,-1.148741651,-1.6243804,lgFu_test
25223515,-1.494850022,-1.5961683,lgFu_test
42606928,-0.4867824,-0.71891904,lgFu_test
42609962,-1.494850022,-1.5317659,lgFu_test
44126032,-1.245651664,-1.1522892,lgFu_test
44138030,-0.522878745,-0.5787561,lgFu_test
44157038,-0.300162274,-1.7420862,lgFu_test
44205639,-1.200659451,-1.3401002,lgFu_test
44302042,-1.619788758,-1.718462,lgFu_test
44414728,-2.522878745,-1.786315,lgFu_test
44446421,-1.522878745,-0.637542,lgFu_test
44447915,-1.886056648,-1.6145519,lgFu_test
44448812,-1.096910013,-1.3764312,lgFu_test
44462758,-1.853871964,-0.47210327,lgFu_test
44511871,-1.096910013,-0.78031546,lgFu_test
44512349,-0.721246399,-0.7820381,lgFu_test
44544853,-1.087246696,-1.1687527,lgFu_test
44552684,-0.11407366,-0.8524152,lgFu_test
44570645,-1.13667714,-1.0673567,lgFu_test
44571019,-1.494850022,-1.4562862,lgFu_test
44571102,-1.744727495,-1.4165254,lgFu_test
44571104,-1.337242168,-1.4217322,lgFu_test
44571187,-1.2644011,-1.0786093,lgFu_test
44571222,-0.697236292,-0.9723064,lgFu_test
44571272,-0.853871964,-1.0525317,lgFu_test
44579068,-1.283996656,-0.709133,lgFu_test
44579070,-1.397940009,-1.3997823,lgFu_test
44581547,-2.397940009,-1.430948,lgFu_test
44581574,-2.397940009,-1.4305542,lgFu_test
44816721,-1.292429824,-1.473721,lgFu_test
46180604,-0.30980392,-0.57805276,lgFu_test
46206296,-1.571865206,-1.3914127,lgFu_test
46232598,-1.378823718,-2.085018,lgFu_test
46701790,-2.22184875,-0.99810916,lgFu_test
46830777,-2.443697499,-2.0586796,lgFu_test
46861584,-1.876148359,-1.8286238,lgFu_test
46871497,-0.483068191,-0.5864798,lgFu_test
46893367,-2.301029996,-2.0864062,lgFu_test
49848898,-3.0,-2.3094912,lgFu_test
49858150,-0.886056648,-0.89375794,lgFu_test
49858377,-1.311580178,-1.247687,lgFu_test
49865397,-3.0,-2.1390653,lgFu_test
49865878,-0.008773924,-0.35295677,lgFu_test
49865879,-0.096910013,-0.40072414,lgFu_test
49871766,-2.0,-1.636214,lgFu_test
49872384,-1.070581074,-1.717226,lgFu_test
50996844,-2.004364805,-1.664406,lgFu_test
51003592,-1.416801226,-1.2657244,lgFu_test
51003727,-1.15490196,-1.5455967,lgFu_test
52920145,-1.698970004,-1.5548663,lgFu_test
52938764,-0.337242168,-0.25405136,lgFu_test
53237721,-0.468521083,-0.8728225,lgFu_test
53307604,-2.045757491,-2.1793985,lgFu_test
53311215,-0.739928612,-1.0398029,lgFu_test
53397745,-2.301029996,-1.0672128,lgFu_test
53472469,-0.647817482,-1.3779747,lgFu_test
54085540,-0.886056648,-1.2019677,lgFu_test
54289283,-2.15490196,-2.5967355,lgFu_test
54413479,-1.901359721,-1.3145738,lgFu_test
54576289,-2.522878745,-2.4150953,lgFu_test
54580312,-0.442492798,-0.8759132,lgFu_test
54580765,-1.170053304,-1.6718669,lgFu_test
54581822,-0.958607315,-0.550269,lgFu_test
54586192,-1.318758763,-1.2635579,lgFu_test
54677470,-2.522878745,-1.4976065,lgFu_test
54677514,-0.508638306,-0.59585,lgFu_test
54677593,-0.552841969,-0.5608768,lgFu_test
54677623,-0.301029996,-0.5464903,lgFu_test
54677971,-2.045757491,-1.1737379,lgFu_test
54709839,-0.721246399,-0.6699414,lgFu_test
54720507,-0.055517328,-0.97557694,lgFu_test
54752118,-1.15490196,-1.7139065,lgFu_test
54758482,-0.744727495,-0.79638946,lgFu_test
56594647,-1.769551079,-2.0519016,lgFu_test
56594648,-1.886056648,-1.9726003,lgFu_test
56594785,-2.397940009,-1.9764112,lgFu_test
56595047,-1.48148606,-1.657331,lgFu_test
56643450,-0.512861625,-0.60018384,lgFu_test
56662692,-1.474955193,-1.6407914,lgFu_test
56670621,-2.113509275,-2.0227926,lgFu_test
56673241,-1.2644011,-1.0922729,lgFu_test
56682216,-0.014573526,-1.0960889,lgFu_test
56835160,-1.568636236,-1.3869613,lgFu_test
57330203,-2.744727495,-1.4115375,lgFu_test
57384006,-0.366531544,-0.48697233,lgFu_test
57384040,-1.600326279,-1.5632598,lgFu_test
57387775,-1.0,-1.231363,lgFu_test
57391458,-0.745935547,-1.410861,lgFu_test
57392303,-0.920818754,-0.83244145,lgFu_test
57395991,-2.096910013,-1.4923658,lgFu_test
57398473,-1.059483515,-1.2590402,lgFu_test
57400138,-2.301029996,-1.3755989,lgFu_test
57401170,-0.8569852,-0.8327069,lgFu_test
57401205,-0.729554092,-1.4610325,lgFu_test
57401217,-0.441291429,-0.29861096,lgFu_test
57401272,-1.657577319,-1.6346476,lgFu_test
57401937,-0.713319031,-1.3678336,lgFu_test
57404290,-1.096367484,-1.3382578,lgFu_test
57519532,-1.747146969,-1.3415792,lgFu_test
57520598,-1.853871964,-1.6336668,lgFu_test
57522815,-3.0,-2.288212,lgFu_test
57523281,-2.0,-1.7327803,lgFu_test
57523311,-1.397940009,-1.5448453,lgFu_test
57523375,-1.0,-1.482647,lgFu_test
57523406,-2.0,-1.5179623,lgFu_test
57992198,-1.455931956,-0.95407736,lgFu_test
58063225,-1.958607315,-1.1628428,lgFu_test
58464429,-1.251811973,-1.3421001,lgFu_test
58464441,-1.443697499,-1.4334669,lgFu_test
58464487,-0.318758763,-0.5451408,lgFu_test
58835114,-1.366531544,-1.2353232,lgFu_test
59456096,-1.801377709,-1.9362128,lgFu_test
59473233,-1.568636236,-1.5001444,lgFu_test
60148507,-1.301029996,-1.9351394,lgFu_test
60148508,-0.602059991,-0.7635437,lgFu_test
60149678,-1.214670165,-0.96632296,lgFu_test
60169980,-1.045757491,-0.6548757,lgFu_test
60170339,-1.15490196,-0.6527509,lgFu_test
60195902,-0.301029996,-0.23649877,lgFu_test
60198589,-2.0,-1.7332866,lgFu_test
66549904,-1.27572413,-1.052064,lgFu_test
66615628,-1.493494968,-1.3565409,lgFu_test
67436594,-0.876148359,-1.2482314,lgFu_test
68277611,-1.22184875,-1.5515016,lgFu_test
68804310,-0.311135432,-0.75425786,lgFu_test
68924158,-3.0,-2.3523448,lgFu_test
70681611,-0.657577319,-0.7315409,lgFu_test
70682211,-1.581698709,-1.5753951,lgFu_test
70683558,-0.920818754,-1.1964724,lgFu_test
70684294,-2.698970004,-2.4717338,lgFu_test
70686472,-1.2644011,-0.91248024,lgFu_test
70688263,-1.187086643,-0.93590987,lgFu_test
70689444,-1.005243055,-1.002559,lgFu_test
70689446,-0.673459331,-0.7637904,lgFu_test
70690050,-0.48148606,-0.7309408,lgFu_test
70690638,-1.795880017,-1.5220761,lgFu_test
70812857,-1.853871964,-1.9201455,lgFu_test
70903618,-1.876148359,-2.0155888,lgFu_test
71279311,-1.397940009,-0.88051033,lgFu_test
71279543,-1.920818754,-1.6987932,lgFu_test
71451196,-2.15490196,-1.8389933,lgFu_test
71454661,-0.447331784,-1.1542262,lgFu_test
71454747,-1.886056648,-1.8920214,lgFu_test
71457756,-2.0,-1.9319887,lgFu_test
71458923,-0.408935393,-0.39825153,lgFu_test
71461395,-2.0,-1.9535432,lgFu_test
71462956,-0.522878745,-0.751623,lgFu_test
71463148,-2.086186148,-1.7462559,lgFu_test
71517195,-1.552841969,-0.7034948,lgFu_test
71520490,-2.251811973,-1.4309814,lgFu_test
71679327,-1.119186408,-1.5214671,lgFu_test
71819426,-2.301029996,-1.4776409,lgFu_test
72546263,-2.0,-1.9637638,lgFu_test
72546736,-1.397940009,-1.2413958,lgFu_test
72546992,-1.124938737,-1.0314233,lgFu_test
72547501,-1.397940009,-1.18414,lgFu_test
72792631,-1.008773924,-0.9176533,lgFu_test
73325016,-0.301029996,-0.31423244,lgFu_test
74369376,-1.493494968,-1.6064072,lgFu_test
75045440,-1.446116973,-1.3578554,lgFu_test
75253234,-3.301029996,-2.3396654,lgFu_test
76310149,-1.602059991,-1.7387514,lgFu_test
76328604,-0.823908741,-0.57170856,lgFu_test
76446078,-0.545612533,-0.52420515,lgFu_test
77171613,-1.876148359,-1.6957476,lgFu_test
77291204,-1.522878745,-1.2760575,lgFu_test
86294748,-1.48148606,-1.1585082,lgFu_test
86677265,-1.638272164,-1.5038117,lgFu_test
89698858,-1.657577319,-1.3745902,lgFu_test
89699171,-2.096910013,-1.6594646,lgFu_test
89699260,-1.244125144,-1.3089032,lgFu_test
90645250,-0.645891561,-1.1515367,lgFu_test
90654395,-1.408935393,-0.8455559,lgFu_test
91172081,-0.829444941,-1.5445925,lgFu_test
91668260,-2.301029996,-2.464024,lgFu_test
118707652,-2.22184875,-1.3835212,lgFu_test
118707656,-1.494850022,-1.3198723,lgFu_test
118709578,-1.48148606,-0.629166,lgFu_test
118723134,-2.096910013,-2.1713529,lgFu_test
118723136,-2.22184875,-1.6866157,lgFu_test
118725727,-0.056505484,-0.4284702,lgFu_test
118730351,-1.568636236,-1.0268012,lgFu_test
118732694,-0.619788758,-0.41165382,lgFu_test
118732708,-0.677780705,-0.3483018,lgFu_test
118732711,-0.585026652,-0.42090616,lgFu_test
118732716,-0.585026652,-0.3555637,lgFu_test
118737136,-1.22184875,-1.5826986,lgFu_test
118737808,-2.698970004,-2.3285398,lgFu_test
135398513,-0.102372909,-0.07116406,lgFu_test
135398735,-0.764471553,-0.5746567,lgFu_test
135398739,-0.022276395,-0.03668821,lgFu_test
135398740,-0.00656377,-0.117702484,lgFu_test
135398744,-1.373816243,-0.9302623,lgFu_test
135398748,-0.045757491,-0.15358955,lgFu_test
135400189,-1.301029996,-0.63626677,lgFu_test
135401907,-0.008773924,-0.018487677,lgFu_test
135403648,-1.060480747,-0.7622275,lgFu_test
135539077,-1.292429824,-1.7372808,lgFu_test
136036546,-1.420216403,-1.690789,lgFu_test
136087045,-1.244125144,-1.2162881,lgFu_test
136229139,-1.151810883,-1.4262834,lgFu_test
136234640,-1.408935393,-1.4585865,lgFu_test
136234642,-1.744727495,-1.5070589,lgFu_test
146678787,-2.0,-1.9264815,lgFu_test
146679644,-0.002568834,-0.21682617,lgFu_test
