path,bytes,sha256
.gitignore,768,c03ffb7f3566c02ef8adce0d9b989f0efe0fa774d3a7cf3c39c1092d5b053d60
CITATION.cff,1482,9de5cf48ea0a5d91f1f059c740339b757a9aa4a98065c4a215186fa03bddf7b1
GETTING_STARTED.md,2716,d5901463b401f766d6bd7efcfeeef2c57ce39f8e2b3f1984b4393c546aa9e53d
LICENSE,1590,573d44cd8ed7cfdc133ddb66572443a29d2c6150454c9680827ad2878acbbb0c
LICENSE-DATA,1650,e4c32098dfb902d5597187d4936ac635937a3a16d5e492b7daaaf23e83241cd3
README.md,8110,cb31203bcb7bdf82e49ff089858a554aeac8b2228e3dec45e39bf774f29cf360
data/S1 ML inputs and pred.xlsx,1330229,0426b0dc40d1af63e52456348df7ef83875a8a92896f12f0ac05ced711096602
data/S2 hybrid pbpk inputs and results.xlsx,539921,86b33575ea815b67a9f0ef20d71f31b16926235d6d214308c4c7cefe0e257899
data/S3 data dictionary.md,10572,75a3da848a2d8a2af8602325ca97d05329df0cf84094c6c3c12073a24fa83804
data/S3 pbpk mechanistic master.csv,45141,05fc9d47ee9be0c4847ae727d22a922311242c08dc9837e17216753ac55b7777
data/Supporting Information.docx,13991101,d489288e95b8715ab26ded93be6ce74f171e989188f3ed57e1b0eea22a9ccad3
docs/toc_graphic.png,150678,d7cfdb90013f91cd0dac8dda187f8ba8485af777d22b2820625825e5b550fcf4
environment/README.md,1212,21fead7bd3233a71c3deb152a193aadff7d9ca8fe30feaf7cda723aa51271788
environment/environment-ml.yml,562,e26dc36b647c2475cc61b793cb86e57b1a9f3d6418f4af803dc3f02589256e2f
environment/requirements-analysis.txt,244,1f6544a77c5ae5b41d29513e66a066c0c3b9be2c9107da6a8dc7ef8c8a6281bf
environment/requirements-ml.txt,584,4b0da88427c1b3f11a49eb583401ab6765a67735c803ee5663c74d18f5c259f4
ml/AttentiveFP/AttentiveLayers.py,7887,e11327ed370d066b66a34b0cd4c3ae568f0b6d201efc81dd6734bbd87de56c78
ml/AttentiveFP/AttentiveLayers_viz.py,8655,2456173e9b9d33fd55a97079878b0108e13e0f15560a7357cf9bd518b73b9fbf
ml/AttentiveFP/Featurizer.py,3335,8a1472aa3e954e1177b2ebcd9e56dd21345eac0fe53d01f8f112488cbdad04b4
ml/AttentiveFP/Featurizer_aromaticity_rm.py,3430,9bcaf54d88d290d1a38e425a297c622ca8e19f8c8c52b924efa760ca1b2e2e56
ml/AttentiveFP/__init__.py,221,dd04f290b6be5dc13ac55ee64d50cda04b9425c7b9279f570cd15862ce75bdfc
ml/AttentiveFP/getFeatures.py,20633,06f35a16d8023117f2f28beef0682ca056f1f66469696ca38cc53346fb686983
ml/AttentiveFP/getFeatures_aromaticity_rm.py,20644,31710ad092f03988b5c210e53e4eafa4fa5e00f48d160392ab58c54533a12be7
ml/config.py,4094,d9565a11ccdc87046b09dcfec36e671b9c5a6820e95e474cfd8d7325c09fcce4
ml/data_prep/df_feature_5620.csv,502950,3931da1d6eb9de480437de7643475910d05b99d777c32d223762f68ffbaba59f
ml/data_prep/lgCL_Embeddings_RDKIT_S1.csv,17263463,12319fb2f984b564b7d0f33e2da4e94dc07b2fdab2ca835e4f823773efcebd02
ml/data_prep/lgFu_Embeddings_RDKIT_S1.csv,20471545,ef4ea6373b08d9cf9aaf6463252d65489580bc6fb97a1d314b800375704fa36d
ml/data_prep/lgVD_Embeddings_RDKIT_S1.csv,12622566,006ad38c11a5e8e0ffe862c1d364dbcfffe7aadb9cbfcf49a7215ce15840d0de
ml/notebooks/DL_train_lgCL.ipynb,186834,ab4891998e48f43c34564b007b93e6732c5b13b607b7c887976ff19cbb71faff
ml/notebooks/DL_train_lgFu.ipynb,42025,936bfb5b45d25748fb0b90953f25085193f7b8620c5b40c4a00186686496d7ac
ml/notebooks/DL_train_lgVD.ipynb,38540,9dce40b69322b24f98c8439ab92433c5f560dfa1479a6aed29100cac6dab2b90
ml/notebooks/embML_CL_SVR.ipynb,142162,5d48f6e3a6f86ec2ac215e191b38f275565139eea3dca4836272a893ee5528a1
ml/scripts/extract_embeddings.py,5363,ca5f73bd95962c8b34d188161add4e12c021a8bd6b62bf764c0e3024b844d3f3
ml/scripts/make_splits.py,3635,70c6c2beb71cf98b54ff980a0404b140b02a32ec592d430e8768ba2970d324da
ml/splits/CLsys_test1.csv,1126,d6fb32000d3c14ff66aac26b615bc1a044adf2f07520d1ff44feb49033f1599b
ml/splits/CLsys_test2.csv,682,b576d904eb5f84793e2035f7671b576f485396343c6c60d13e11599eb1715e41
ml/splits/CLsys_train1.csv,9042,2eddf4bbb6f805367e37f8f9ba6cfac0d779744189898606849edc358e810a37
ml/splits/CLsys_train2.csv,9484,4b5d300cef790e8bd96b2c4707fc694b37527e0bae2f4f429913f0de627e8544
ml/splits/VDss_test1.csv,1126,d6fb32000d3c14ff66aac26b615bc1a044adf2f07520d1ff44feb49033f1599b
ml/splits/VDss_test2.csv,682,b576d904eb5f84793e2035f7671b576f485396343c6c60d13e11599eb1715e41
ml/splits/VDss_train1.csv,9072,47fd3838e7b682a075c484d94919b85f5db50070bc76e900b880e806e7670191
ml/splits/VDss_train2.csv,9514,8cccd1e46b0e1fd5838c721213b6de1d85730b626b3863c8364be224580fc729
ml/splits/fu_test1.csv,4631,d86a879f491dfce4d4181b39ce338155a8f65843cf0ceba5ae8b51eade4b53e8
ml/splits/fu_test2.csv,533,1699212f7b15cd082d72de7a2d782f86850a756413fa21089d609a768ca5bee9
ml/splits/fu_train1.csv,31448,786d52b4e03676ceab8c604e052b3cd5047dc46976b01271c9ba76fbf684c018
ml/splits/fu_train2.csv,35546,e151ea743fa232c18366bac7258862e45966c8e7d052932a97b198ab1d835503
ml/splits/split_set_sizes.csv,528,853ac75b04cab09794ed232252a7d52b13eef03b4d30c8017786e5ef63b86321
ml/utils.py,10502,7085cb3b6012576b2a27fb8ea57b14f2158df8ec2798291f494f52d1e8fcaa04
ml/weights/CLsys_attentivefp.pt,902596,322407b0cc5a81da296afba8d1df4c129b26d8b24226c73d99bf6e9e19fa00a9
ml/weights/VDss_attentivefp.pt,902596,67e7024d70f73be28cf33e66e5d516a2a380f75545dcf0cc3c4bcaa0aa14b00f
ml/weights/fu_attentivefp.pt,3470148,3f21b63c47f63306ea4acf92e46fd145a5a4ff43e3310a1fc7460a5eed05db40
ml/weights/provenance.md,1516,7157c4386f090f7f390800d1cc578ec94a0cd5e3eb99853114985a704596fb82
pbpk/R/diff_workspace_params.R,3286,6c4c3b37bf178e207672246c62dfbff392ef14b3b3357ba0b353e676394a6d45
pbpk/R/discover_simcyp_api.R,1993,43bc461100ca3a52e2489112c3c6de872e5639e5b45ad81cb5c17a3090f007fd
pbpk/R/probe2_find_clint_route.R,7297,7df24321101d6534cdcfbe708bf9c06800ed961089abcd5a57c0a0dc2aa56055
pbpk/R/probe_clearance_switch.R,9565,fd110c719443bdeed293dcb5108d1b8d323a30f64e3247d68f29dee2af800a29
pbpk/R/run_simcyp_batch.R,18957,dfa2ce69cc0edec60a2d25b3e3bf072d54929558089fd0f8c3a15784ff113343
pbpk/R/runs_config.csv,3747,6b012badc42f689fb3d19a6e5140868b285a3eb4229452bcd34ca8cf3d1644ad
pbpk/README.md,2217,9e1859fd1db9342ae128da62ba070f83f4b60f096f9526a7b24129e726b3d42a
pbpk/applied/h1_run0/adme_key_inputs.csv,3868,0481f601f2b8e8f7a09692cc40894cea7558e57bd04f56fbd7242a009165cb4a
pbpk/applied/h1_run0/applied_vs_intended.csv,29545,e53da2b0572551ed9adde8078e426147865e29623ed372a5daa90ed3fc3f0580
pbpk/applied/h1_run0/clearance_sentinel.csv,2726,2ed3e6e36b51e29dd9d68f4b0b732df96c057b58bb3119387abbc282dbb47afd
pbpk/applied/h1_run0/design_from_template.csv,3063,e018e510e758571bb2ad0f3a618ff9afd689523825ce7a4a07e5a696774bf2c1
pbpk/applied/h1_run0/template_watch.csv,1080,516d497902ef6f8149d4766208100efe4a0e53b2918554090aba2da6dce2c0ec
pbpk/applied/h1_run0_noCLr/adme_key_inputs.csv,3958,22dc04956149ff24945842113aac23c43756e8e8e481b098abfd38c7621a33c1
pbpk/applied/h1_run0_noCLr/applied_vs_intended.csv,35666,0ee71f8de880a165553e4199f417cf37a56450a18e9a3e449a6b687ef3b64f5c
pbpk/applied/h1_run0_noCLr/clearance_sentinel.csv,2981,3ba0ef9b102a8a5978dab464ad8ea23c97df440e5d87e35eec36d024c089eea3
pbpk/applied/h1_run0_noCLr/design_from_template.csv,3309,a32204cee5c1b2cc188d5bbb03b8df12a8bb779bcf107e07710750cd4ae9d43f
pbpk/applied/h1_run0_noCLr/template_watch.csv,1326,734e92da12b19a01532c800762bbc118235fcabd854e9bec0b29fe903e55ea7a
pbpk/applied/h1_run1/adme_key_inputs.csv,3292,3d691b89992c79331fe6b49726224c5a22c509a63a9cf534c8c0543b2b43b91d
pbpk/applied/h1_run1/applied_vs_intended.csv,26624,fcf01baeca64da8fcf1ecf7c818fe1dd3452b689001790971f2de8366e6c03b5
pbpk/applied/h1_run1/clearance_sentinel.csv,2727,b3fb363a7264930eb1616869764874960268776cab4693a41bd7fda00a5f3f8b
pbpk/applied/h1_run1/design_from_template.csv,3063,81458fb827b932c58263f9928a4aa4a35f32dac65d95ddcb124618acd88802a8
pbpk/applied/h1_run1/template_watch.csv,1080,41e5e6be5565fb309fa0adfe513e5d865135c16f6d2490553728c9449d084c74
pbpk/applied/h1_run1_noCLr/adme_key_inputs.csv,3382,60d901010b9283209a9250c22e22bbf7c4dd71e091757552efbc92017e102180
pbpk/applied/h1_run1_noCLr/applied_vs_intended.csv,32253,21816f476eec9580c3e1d360b7c90f2558ca042a2ff575e832fa7f29be1c1294
pbpk/applied/h1_run1_noCLr/clearance_sentinel.csv,2980,f86e520c976124bc28c54e12402bd77d1b77b37f2120aac067824bc1ddf1ba9f
pbpk/applied/h1_run1_noCLr/design_from_template.csv,3309,7a0a372f0e4258cdf1a21a1e5b6211e269d8571e9371cbbd83a049c4067a41e4
pbpk/applied/h1_run1_noCLr/template_watch.csv,1326,f25183fcb58988ad79a1ae88d09ae0fe13c88e9430006f40eea82e69eb9e3121
pbpk/applied/h1_run2/adme_key_inputs.csv,3292,c6a6730586b07e6fe28a904f5db8b3dce6a0265635b4a8e367b85c64697cfb12
pbpk/applied/h1_run2/applied_vs_intended.csv,26624,3a5976cb9891d95dc00c61bfa8275439e401be53bda24f96c72013e9b888a84f
pbpk/applied/h1_run2/clearance_sentinel.csv,2728,c12879bc795d31beded1daabf92471a1ca73ef4bc42a944605ce1d6a6fdd8235
pbpk/applied/h1_run2/design_from_template.csv,3063,5cbe6cbb5ca1be05a67cbabb06be197140a8a88edf8116a66d79ad573cfeb836
pbpk/applied/h1_run2/template_watch.csv,1080,779c3dfacfeeb1f4b1850c1dabc2f74ceaa1802965f5bbd6e65c80c948499cae
pbpk/applied/h1_run2_noCLr/adme_key_inputs.csv,3382,4890c17387bb3793918f9019318e377bf51b94efcf485fb9f27ac7590e3cbd66
pbpk/applied/h1_run2_noCLr/applied_vs_intended.csv,32253,dfa95cd956b16c06ff3c058a80a7936f8c9aa8feabc3e4a1e943a11674f8d44e
pbpk/applied/h1_run2_noCLr/clearance_sentinel.csv,2974,bf1827625841899a052f375758e8d0e0101068c5d602ff445d2f11999c1d1a3d
pbpk/applied/h1_run2_noCLr/design_from_template.csv,3309,cf3ee1950c5a7858c05fd8e07c59c9c9bf5aa4965fbcf5c83d91db21117c5316
pbpk/applied/h1_run2_noCLr/template_watch.csv,1326,ab3aba0e8653ee11287482567e199fed2b617a68988a9000c31d97dbd27eb038
pbpk/applied/h1_run3/adme_key_inputs.csv,3292,ec101cd5ce9e201e4dbf68272fb2ba66095b8f97d435a1c1c284e4c56e9ae449
pbpk/applied/h1_run3/applied_vs_intended.csv,26624,7200e6be6c28af89330ba36988fe69721d92aa9d318c835c1ff919932a85bb2d
pbpk/applied/h1_run3/clearance_sentinel.csv,2736,74042f682257655c29fe15a0b9e9ad182ebe04b19e56d81739281e212ebc4af9
pbpk/applied/h1_run3/design_from_template.csv,3063,a56905c7a09c854ec630b94bf3449609180df340164c1a1ed6a19a9b19ffd98c
pbpk/applied/h1_run3/template_watch.csv,1080,aa483fcf01c4d01319257830a48b3e5167c987d5ced56b1b19dbf20d2048f74d
pbpk/applied/h1_run3_noCLr/adme_key_inputs.csv,3382,165ae57289b98160cb0f5f06735cad153c5625d5da27cbc10d7dff8444b93459
pbpk/applied/h1_run3_noCLr/applied_vs_intended.csv,32253,2323f9f5cb5bd266d4bbdd64dc0c7d5ff853e11b364f1b87418c792246042113
pbpk/applied/h1_run3_noCLr/clearance_sentinel.csv,2973,508b12df0679c289ab73a50542b8de21989b43541f339fc13e31584a13470afa
pbpk/applied/h1_run3_noCLr/design_from_template.csv,3309,f0d6f043ec9f8a27ae8305752f060ff07e62a7e09c370a3ee90c28f0c74d2711
pbpk/applied/h1_run3_noCLr/template_watch.csv,1326,21f2699064f9bcc27cc0f188637e67c4421a9f79d05cc44a564b9a0533faaed3
pbpk/applied/h2_run0/adme_key_inputs.csv,3930,04065e327474f2f1de891edf8bffca3c61b38b93fca73754d7cbac5eae161596
pbpk/applied/h2_run0/applied_vs_intended.csv,26698,b353e52e6800948866eeb7b3d8b96ae7df1f4dd9e416b7f11674ef1d1c8dfc68
pbpk/applied/h2_run0/clearance_sentinel.csv,3388,2fae073227c50d77f4d5a328af223cda3db9843f835592b953fe85b86947a5fb
pbpk/applied/h2_run0/design_from_template.csv,3063,1eba1a6c1b3c954e0463104183f5243c1a69a20cbe24e4cca8dda988ecb45c7a
pbpk/applied/h2_run0/template_watch.csv,1080,2f396b888eb84c67de248b707a3c6bd5bdd676729731c3e497e29bdd1dc28412
pbpk/applied/h2_run1/adme_key_inputs.csv,3266,5cdec198207e318d742ad59a2fab490c00109e1c47fa87f0b0b70326d7ea0040
pbpk/applied/h2_run1/applied_vs_intended.csv,23601,ea96d8d74b2340a89df282df0b9abd963b46cd3828b99e5ff2fa032b201c09f9
pbpk/applied/h2_run1/clearance_sentinel.csv,3386,36dc3758bcd834c08e0e2cc13b078921195e2c842835ba8ba49a3f6f21178245
pbpk/applied/h2_run1/design_from_template.csv,3063,4793b85a3021debd6f94f3d97434702fbc626fdc44eeb707cbce3fff4432c8c9
pbpk/applied/h2_run1/template_watch.csv,1080,a94ab8625fc75b303e669f3c287b9b4c217c7416264f74909ef2b21f9121a703
pbpk/applied/h2_run2/adme_key_inputs.csv,3266,848ea47e2be4bcbd97c406946d0ac452a8b5a71267d14ecaf0e3cae9e45124fe
pbpk/applied/h2_run2/applied_vs_intended.csv,23601,f1bac33b97a2e6c006d4508e1182c29e3d4663fb375a341da8dd11a28f27267e
pbpk/applied/h2_run2/clearance_sentinel.csv,3389,594d7a8b10ff9139b47f50694d1b067e3593312126e0286651198ce3437a98b6
pbpk/applied/h2_run2/design_from_template.csv,3063,66ef099cad605193aea0d4fa3e5c4f0476e1b6da25b34f551054140123b5ccb7
pbpk/applied/h2_run2/template_watch.csv,1080,510d7c1c26fd035d5bac00faca5b61de4073030e69bc2313c62eb42098e4a211
pbpk/applied/h2_run3/adme_key_inputs.csv,3266,a17d96ef3d4d2c7a6a3923f3c2bbe7b22d9ad8601d4c3292103b1cb3bb78082b
pbpk/applied/h2_run3/applied_vs_intended.csv,23601,22af16c748202e4e13cc2a3e21da4b472016f09dd353a6bcb3b56525b757b803
pbpk/applied/h2_run3/clearance_sentinel.csv,3389,665162f45a1c95c649866a09ee802e5414282a905330e019ef8c7380af6d93b6
pbpk/applied/h2_run3/design_from_template.csv,3063,d31da557948f255038a0ec99649c243c3e8a25e191cd7a42d22b63f53255abbb
pbpk/applied/h2_run3/template_watch.csv,1080,ae5521edfe6068a963f9b9b3d5c783bab784cb490f403122c6d6bef99168b619
pbpk/applied/h2_run4/adme_key_inputs.csv,3839,2c3ebce6bb51d1f9ec93012978035fe0d60be555b6a18565f949f529754a5793
pbpk/applied/h2_run4/applied_vs_intended.csv,26516,37af760df32f1e8daffb3d0e7e224c46d735d00cdf9a80480378711a5fa7b6cb
pbpk/applied/h2_run4/clearance_sentinel.csv,3378,a42bfe87b7e9f711e5aa9cfba1e4226a46617b10c6f686b64d85c9200719b2e9
pbpk/applied/h2_run4/design_from_template.csv,3063,3b41395c2ad88fa1f1649dcc08d3777976fd5d782fb4c4de14791cf18b194706
pbpk/applied/h2_run4/template_watch.csv,1080,c5041885309bc50e08f2d414c17d85ee8c912f646697c271cca3189970aad8f8
pbpk/applied/run_mapping.csv,5216,48a9a6b939a22693b7ce8bea1b7ecbf32a170fe88393d1aa2fcb805fbf23572c
pbpk/applied/s1_run1/adme_key_inputs.csv,2945,c7ae8bbb050c3d81a9c5cbff06a29b55689d418e624dcd488b1c13f24883d4b7
pbpk/applied/s1_run1/applied_vs_intended.csv,24728,83d3b9ec8f38d426c5194f3f37acc104895c67bcbd0b1e412ac4f9d50b156f54
pbpk/applied/s1_run1/clearance_sentinel.csv,2985,fe248f5c5a2fca8d226822c56ae5ffe6f0bbc402c7be6873e13fee29646f5278
pbpk/applied/s1_run1/design_from_template.csv,3063,86eea899e98bb24f48233fa22216c9d2a69d5a87cd7ab7d8290c967fca367272
pbpk/applied/s1_run1/template_watch.csv,1080,e6b767c25720a830edacb48fec4f17e2da6bd2d7e4b8f3a8191fa92b3db302ba
pbpk/applied/s1_run2/adme_key_inputs.csv,3258,e45b03a0d0de787147aa285ed23363999f932075d5090c1e7675785c5280f2b7
pbpk/applied/s1_run2/applied_vs_intended.csv,25354,fec095701cf68e296f9b3e399a207b623ad34e277d1fc0b6ae3bcc8d7e10bb10
pbpk/applied/s1_run2/clearance_sentinel.csv,2989,0429597a9f8363f491be9e44297a56306bfe220c9dd41b1011dcbc50c65d4448
pbpk/applied/s1_run2/design_from_template.csv,3063,fd9bd001c21e599e6808d6c751a0f268d4df19ede88647fb1d44ce58243507ee
pbpk/applied/s1_run2/template_watch.csv,1080,b685a72815b6a03b7655c697a6be0da36d19e9d78383d5182a26cf3e30d452bd
pbpk/applied/s1_run3/adme_key_inputs.csv,3515,9f202eb993138a066903114e1366b2c789d5b35fda943f25e58ccc5d0ae8565d
pbpk/applied/s1_run3/applied_vs_intended.csv,25868,82fa3c2512935f9b70226268a63d86ebf56575a6c0a831eeef983736f6d7427e
pbpk/applied/s1_run3/clearance_sentinel.csv,2986,3f5a93db9aa36968030079940d213ad7e6af46b8c075f22d7c78ba19abe97942
pbpk/applied/s1_run3/design_from_template.csv,3063,64695fcc64c73ec9b79d2c98a96c7fbb95a66de1f5a54b734cb1971e9558ed51
pbpk/applied/s1_run3/template_watch.csv,1080,6e490fcaafe3d5ed9983d9a5b80cd2e021fb3940391e57d80779d7c298b24627
pbpk/applied/v0_run0/adme_key_inputs.csv,181,a019024ce9b0c41fd917915821b86fde2b5f86e402fb45fa5e870d42de8cabe7
pbpk/applied/v0_run0/applied_vs_intended.csv,0,e3b0c44298fc1c149afbf4c8996fb92427ae41e4649b934ca495991b7852b855
pbpk/applied/v0_run0/clearance_sentinel.csv,3159,340c8db69db1a435f735e7bb30293634a2534677045721e905c9c86af87a4fb7
pbpk/applied/v0_run0/design_from_template.csv,2925,85d7b9586b3bba93eaf330ac2e974ce8a1f78a447f37bda4aee298907f264904
pbpk/applied/v0_run0/template_watch.csv,1060,0f1726c7b3ca26b4acf4e071c59fa4edc214e190133b0e1322626fd27d8f989a
pbpk/applied/v1_run0/adme_key_inputs.csv,1574,a2acc555b2a808c673cc62d136e946d99d2666ff20a9e9275a940ee672ec7152
pbpk/applied/v1_run0/applied_vs_intended.csv,14091,4e0c7c98779af33102c42bc92b4c3e85295c5d39643dbf4d2a1ff4b1d0eb5976
pbpk/applied/v1_run0/clearance_sentinel.csv,2985,ac290086fc56c4c32ddc0f6cc2f676b6c2ce0210aaf22465d8b443a31eb9a128
pbpk/applied/v1_run0/design_from_template.csv,3063,42a08d4f288a0404378cf098d41d658ab4ad6f5ea2e9f00e4469809ef7b5ed74
pbpk/applied/v1_run0/template_watch.csv,1080,1f6d3dd03bf5776253db0a09f6455fc616379aa3724eb3476bff10a00be47ab7
pbpk/inputs/_arm_matrix.csv,2816,143ad7077678074decacab978864c2570306b33db44435eb109d4b48c8325438
pbpk/inputs/h1_run0_adme_key_inputs.csv,3910,a3447ea06f282dbef8e38aa03d9e276b7f38e30f45946ea9932429af1f596e3b
pbpk/inputs/h1_run0_noCLr_adme_key_inputs.csv,4000,669902c4c606313f7fa0a7238d6d9986b05caa7c36895cc4bbfacb6c78ee45a6
pbpk/inputs/h1_run1_adme_key_inputs.csv,3334,99af3b0e7c69bcc069c30daed6ff34c5efcd1b8183da9814fb9acdfcd64be995
pbpk/inputs/h1_run1_noCLr_adme_key_inputs.csv,3424,af23c60ee0d2667f87d2f06f55feb7577e73ffa654d382f75548853951e58114
pbpk/inputs/h1_run2_adme_key_inputs.csv,3334,164aed4377080e3ea1397dd439eca9784c0f03ee9c209d1be65371ad7e16a2e9
pbpk/inputs/h1_run2_noCLr_adme_key_inputs.csv,3424,b946f756b48ab7f6da4cd32a655851e1584ba8e1d7300dde013cbeae409a756a
pbpk/inputs/h1_run3_adme_key_inputs.csv,3334,265b13ac169ce8d682ac66cd8dd57c43dabc3c7717961b519199d2d455e581b3
pbpk/inputs/h1_run3_noCLr_adme_key_inputs.csv,3424,29d44b3bd2f0516a328249786e9db53695b1801c43b52f4fd0372f8e3a59668b
pbpk/inputs/h2_run0_adme_key_inputs.csv,3972,c81191dc60aabfd462ddd8a3611b7b48bf948551ba49d4ec16d1980f63d73dce
pbpk/inputs/h2_run1_adme_key_inputs.csv,3308,260fdbc30bffeadb476f7bd68c8848718087ff6170397b7008ca8ab3d2c81ce8
pbpk/inputs/h2_run2_adme_key_inputs.csv,3308,1f0fc20ac461a8a883f5588a7a77bada6fd911b10b9f72d5229067c24470eb84
pbpk/inputs/h2_run3_adme_key_inputs.csv,3308,093d8fbb40c50577beb66e15056ce35b88d124d88400e674891037ae64439b38
pbpk/inputs/h2_run4_adme_key_inputs.csv,3881,7c70a9e9f28e07016190a66532ef4689e1975c707fa3b835bda9e13ec960f383
pbpk/inputs/h3_run0_adme_key_inputs.csv,4084,8efa18c632ec74370d5ee626ca64c0eed35308b119fdbb95f865835a9b14a3cd
pbpk/inputs/h3_run1_adme_key_inputs.csv,3508,1bb36a36e4f0a593bae52cd16cbc96d066557f6ca676da09cf7b4e1bb848403e
pbpk/inputs/h3_run2_adme_key_inputs.csv,3508,ea97e39fd9b8a21e99e1d52a029e15be7f9c340b540fd7dd3fe82f9a9a05daa8
pbpk/inputs/h3_run3_adme_key_inputs.csv,3508,eb1ac47dd8ef3497219385ddc03d5544f28544f0ba132cc23d67d9091ded6e25
pbpk/inputs/s1_run1_adme_key_inputs.csv,2987,10993ad3141aacb8b4802d2a203b6c99ea34d229ae4621f91cef612fe5df7c8c
pbpk/inputs/s1_run2_adme_key_inputs.csv,3300,49523c6f5a4d28a798802f887a7c84150ae8f9551b93d38711d519a64fb20097
pbpk/inputs/s1_run3_adme_key_inputs.csv,3557,65fc4612ab95daf24568a91c0b9f4d8a68f15cd6fe306344b0b62691f526ed69
pbpk/inputs/v0_run0_adme_key_inputs.csv,223,c161c6ea4467e1676b3aa8866b6b7ecb7054835996920f3453f0a3e7c6096091
pbpk/inputs/v1_run0_adme_key_inputs.csv,1616,49289038901fea388ca3bfec07574d10c91aec899f63dad5db8c8fca61857faf
pbpk/inputs/v1_run4_adme_key_inputs.csv,1323,d133e6b0e0283b54e6f21049cfaa45dd8f8333a00242ee8a760afa789c96ebcf
si_analysis/README.md,3424,72dc6c0b404ffb55b7acc8aeef4fb1d024df45af6df6b7e0e47115d689d13a59
si_analysis/analysis/01_evaluate.py,5641,642de382b853eed785b05ef87b2de62cdc7cde021095e9569d55575f1856bee7
si_analysis/analysis/02_paired.py,5450,3013a4824f84c4174891588d1be0e6f053661801efcee4b39906a39f3d48e9df
si_analysis/analysis/03_decomposition.py,8261,90c202cd074feebbbb3b3fb028b62644f11640c1a3ba38878ba8ab9d0df364d1
si_analysis/analysis/04_figures.py,14010,0f22fa94f78edc283b352876724b3c8564313ed024c6ec29e8f5e5e01583049e
si_analysis/analysis/05_figure8.py,12649,8a726f0e18b6f87b3a69a00080a09731c3853a2561eb425cfc0a038c923e7021
si_analysis/analysis/06_ml_benchmark_stats.py,9564,764408ef629063b07294d2f2373b9d0cc139fe51a704c5c63b62e785787ad12e
si_analysis/analysis/07_figure1_workflow.py,11054,3a3056d7144bdb56f30c3a7075249e06120bf182774038865223cefdb8d20934
si_analysis/analysis/08_si_ct_profiles.py,7261,9552964e92b83f4caf9405d866ac39db29daed1b164fe7939665263e57df925b
si_analysis/analysis/09_si_tables.py,9913,6799346299e083b4aa84f59771fc8a28ad974d75a3e8f29af09cabec9a663ec5
si_analysis/analysis/10_ml_tables_figures.py,9069,57c0c7222bdcd5843e4aff3c204e5f3ff58037f9dd8c19d46733752770ab7cb9
si_analysis/analysis/11_figure4.py,4321,5056f5ae81c8d84801a19bc29ad2cb38019a491e463b0b5ea2bd483757ba6cb8
si_analysis/analysis/12_mechanistic_strata.py,21561,713d1e7913324adbddf44250178947cb3317f0ae5f1069c00bbde0e5c48baa96
si_analysis/analysis/13_clearance_hierarchy.py,19766,9aeaf7f41813fb74c6d17f9d06e3b4da08f058c6c9fa5d6fbe237fe92cb9837f
si_analysis/analysis/v4/fig01_workflow.py,2789,bcb751503047fb89717a46759c9e1301f3ed58a4ee6702ea66f800105a43d337
si_analysis/analysis/v4/fig02_train_test.py,3782,eb525e694d18ea85b280d967b7f32c743078545b794b6c3120164ba1530c261c
si_analysis/analysis/v4/fig04_upstream_gof.py,3079,981242575835d6787fd21c2dfdc3414f543d53f482e490806e717fb70abf5a0d
si_analysis/analysis/v4/fig05_error_distributions.py,3174,0175e784380357288f145fe3dc630f45cb1164eb37c56905ed1abad2adf1109e
si_analysis/analysis/v4/fig06_paired_contrasts.py,3350,090a2dc397fe11b863715b3cb60594282fae9c5baf246e8811f5d658bc65a29b
si_analysis/analysis/v4/fig07_substitution_association.py,4760,a16e5281b53bd429fe2bc40bbd68e857dd0c10ad8485eec3a422bb27b379ae4a
si_analysis/analysis/v4/fig08_dlml_overview.py,12012,495ad36a07332dbee8cb9168ed7f930d6a7eb9b8a70ff84cbeeac64dec59492e
si_analysis/analysis/v4/figS01_ml_descriptive.py,2286,073472a327da96702075e6e660780866a3de9d385acb9b9c32be5e9d4b5c0d58
si_analysis/analysis/v4/figS04_08_ct_grids.py,4003,392f7ae4499faf98b90b5d91c0bbe0cd4fc091ce81566c8f732e1c2fa31600db
si_analysis/analysis/v4/figS09_compound_heterogeneity.py,3765,8e012b937d69d4ad64f44fc270865c5fb658c5a8aff6946f41c969023ac9608a
si_analysis/analysis/v4/figS10_S11_heatmaps.py,3320,b41ed033a5f85796e074ccfce3b47df3e701623f34e0f14b121e3615c9cef1b9
si_analysis/analysis/v4/figS12_parameter_exposure.py,3784,1211f13c6a6cfddff99e53ad3630c86118e8b34ab8104bd7bab5c569ea80bd35
si_analysis/analysis/v4/figS13_cmax_structure.py,5056,9796971f860696b8e6b6be7ec8c3fbcbd21cd4f00a5e6a69fedc2511b70e68a8
si_analysis/analysis/v4/figS14_cmax_readout.py,3894,8b1307960e16fa2eb06290b9c5122fe8ef51fd59efd300a3e96b8da239ee663b
si_analysis/analysis/v4/figS15_applicability_domain.py,3086,bfc6403487fbfbbc415e30af06312838805a0cf43b8c439b1f64feb9828fc1fc
si_analysis/analysis/v4/figS16_clearance_hierarchy.py,4298,2fdc6a25c27b1d009de332c955e580a72b7a17523660eb0420de118413f1b0bd
si_analysis/analysis/v4/figS17_19_strata.py,4060,a5daeab262c22111a7d9c0277f19a64c13118c67d3b705d545b3c369d1ce078f
si_analysis/analysis/v4/fig_ml_forest.py,4492,de0ec79f49775c107c17449fb9ec7469225a635ea9ed6f49f187d4755f3af4c5
si_analysis/analysis/v7.4/fig02_03_ml_main.py,8368,2beae8f6a50f364dbeec9cffcd800cdbbe2e2f6ec7dcbe1ce4aff559f4e1d440
si_analysis/analysis/v7.4/fig04_pbpk_scenario_overview.py,5661,1628e9331331d7c7c8c29cb3395b45b5e52db40415956dc6c4755ea972b89822
si_analysis/analysis/v7.4/fig05_matched_clearance.py,5575,c337479451028ee9ccfef3e61aa586bbe088cb52b786f5b4d8a6a422ed4addcf
si_analysis/analysis/v7.4/fig06_allpredicted_overview.py,3125,cabee6e3df13fba930be3a57baa04a5f9cc96d86a450707972e4bde419949d94
si_analysis/analysis/v7.4/figS_v74_moves.py,4876,1f583ac7107ce53e84ff4424087797eed384ab0a3b5f5459e075ac93ae22f98e
si_analysis/analysis/v7.4_final01/backup_sources.py,6417,305702fa473a083d414eeb65c5a0b1c1826193531d4e5fee8ffe0727aa4b1f16
si_analysis/analysis/v7.4_final01/build_abstract_conclusions_v8.py,9527,79e252fdd7be3be4e7ae5256bc62e47f4f19f9491bbe2cee6740ddf80855cc89
si_analysis/analysis/v7.4_final01/build_discussion_round5c.py,30489,0fdb297bff073faa89885a55bc0ddebc404ea76591dc39d2b8bef55af7c43552
si_analysis/analysis/v7.4_final01/build_display_docs.py,9041,9121a3a516afea103e28ed49c9fc89b152579f4023151bb79110133955664765
si_analysis/analysis/v7.4_final01/build_draft02_display.py,5849,69789046cd8bac8f2dcc0f786645fe1d8489021823f2702a528299b5ca2e5f37
si_analysis/analysis/v7.4_final01/build_draft02_highlight.py,4094,9ec7207822232232823b8905a3d72759c6c5e8cb728648aaf5de0623de1d9ea7
si_analysis/analysis/v7.4_final01/build_draft02_maintext.py,11233,d6ebb23db5204df898e4f2c4fbd902a8631fbdf69ada7cdd4a6134f523d2b9e9
si_analysis/analysis/v7.4_final01/build_draft02_si.py,9248,e0479769608cb5ab7db3ad56a47c23edfcd5682f8dd1126c22a57bdc8684390d
si_analysis/analysis/v7.4_final01/build_figure1_intro_v8.py,6423,59db8157699aa98c7333bf931ea12db8c68ffe84a8b2c974c18918e8601fe2b7
si_analysis/analysis/v7.4_final01/build_final01.py,3363,25236a1bf5bb2e7508606c272a4011584d936e5dd1c2059f0de2b0ccedbba202
si_analysis/analysis/v7.4_final01/build_final01_docx.py,11146,90c12a20de94b7eabbbffb5d283c66964e28fc8cd30951227cab8887174f73f5
si_analysis/analysis/v7.4_final01/build_final01_highlight.py,5255,eebbd3578ed34ef0c634d954bcd5979b620885627dcaaf7ef9d0811dd5fd30da
si_analysis/analysis/v7.4_final01/build_framing_round5c.py,13112,6a825d0027e92e1dcc617f25f56f3b025ee402eff477546c3462f74f2a88969f
si_analysis/analysis/v7.4_final01/build_si_v74.py,12178,40b726aa7a8445d96c0bad633f6903caf9dc661441d8836c28caa3396223ae99
si_analysis/analysis/v7.4_final01/draft02_map.py,3574,62fbdc812a6a9cb7b7abfc0a4ad480824f59ddbe45f1ed121561b9ca0a07cbc5
si_analysis/analysis/v7.4_final01/extract_v72.py,6532,91fa0085de2f5318d6222c31ef25e7c5f5be51cb7da16ab26f20112d48fdd367
si_analysis/analysis/v7.4_final01/fig02_train_test_3x3.py,6958,7de9ae9ea98653da259d19971fd60d556accaf4472835098735502fd96776eba
si_analysis/analysis/v7.4_final01/fig06_parameter_to_exposure.py,5805,2a04620de5589075c692b0cc908f1cfc066600163ead99f34db97cd75d8ff0ff
si_analysis/analysis/v7.4_final01/fix_sources_round5c.py,8433,951c0e22186ed667e08aae324e74460042dbe9c9f83dbccf7d0a7632a6f5d7c0
si_analysis/analysis/v7.4_final01/manifest_draft02.py,9783,c956afa7bc7e8530bcc5812acb96ee3ce2c593819223db56b0cfc115526ea762
si_analysis/analysis/v7.4_final01/qc_abstract_conclusions_v8.py,6638,e096579401bd106c49b91477264e6a3977ac5282199fed87b0db390f557523bd
si_analysis/analysis/v7.4_final01/qc_discussion_round5c.py,12439,859538be7162764edfea5d22e752cbaf87409d6a1f1b2058e07d5027b40be43d
si_analysis/analysis/v7.4_final01/qc_draft02.py,7996,ded80c232d45148968fc7c6d4731a8b10342b597dfc327bf5dfdc99c9f78b3d9
si_analysis/analysis/v7.4_final01/qc_figure1_intro_v8.py,4322,937ce0f830602e091fa040465d73d369b653d027bfdbd4f3fc09ef65896b074c
si_analysis/analysis/v7.4_final01/qc_final01.py,29828,22a5305aa95422258867ead907774bde7bff73da7d6105ad9addce0375f4f350
si_analysis/analysis/v7.4_final01/qc_framing_round5c.py,4388,13d3c5360d1ac1ea6eb4313c618f402639c5cd09e4d98ec119f4b2d0a5e1119e
si_analysis/analysis/v7.4_final01/qc_framing_round5c_final.py,8966,6d6d27f39d3fb15ea61f395175eab164262101eb39ef05cc9fe75aa405c1a14d
si_analysis/analysis/v7.4_final01/qc_si_v74.py,7634,2feaac85b956ab6932fc26b4cff2c75752906038744c7a081a6c4dd0a04789db
si_analysis/analysis/v7.4_final01/set_dispositions.py,5389,7dd3e807a73d345f5469360dcd4b9a117fa0542fb583030c1bc3c4a1c661b4b1
si_analysis/analysis/v7.4_final01/table_fixes.py,5136,eb4ca2c0c1d3d703ebf14f9c6e0a6f0c21f00aff9ac6e3b224a479c880a18c60
si_analysis/lib/arms.py,3188,66c6cff5c6e04fbd40c7da669168b190a630130874a058d70fb23ffed1fb8151
si_analysis/lib/metrics.py,9359,3854701429247ac8f33ca5cbb59ccba51c3d243fa6bdfb03032a04ab6f699121
si_analysis/lib/paths.py,1652,4a560256408626c1725d8cc648fa5c7e70968e4d2a66d9e93ad8a381e0cb21d6
si_analysis/lib/style_v74b.py,1159,730741e59a26b9f8c5a4baa00d29a6dde0489f2cc129fe104eb1bda6768c84ac
si_analysis/outputs/draft02_MANIFEST.csv,40816,a080a39ff3fe338b753af78bccdf50bb774b32b037a428abb73e00d22c126549
si_analysis/outputs/tables/arm_summary.csv,2406,40c1adaa3841efbccaba8eddb220afbfebc30f1bf20ff510578b0942895b7796
si_analysis/outputs/tables/clearance_hierarchy_clr_mechanistic.csv,5290,cd6623a5eba9fb86d00c5f4b1fd7244712229d01c29526daf88615e47f4d4a9c
si_analysis/outputs/tables/clearance_hierarchy_contrasts.csv,6229,fe44ea1c0791d2d6043d5672c943279f460d052bd3f597efc9337985b553df95
si_analysis/outputs/tables/clearance_hierarchy_signed_summary.csv,309,46d6c8933ed223982e76cb42365246f6c019a0e91cc7e436c313ebf71135f215
si_analysis/outputs/tables/clearance_hierarchy_spearman.csv,615,d9f9db75476f21e6d374468e2527bc5895f3a324b19cf26875c694429c1cbfde
si_analysis/outputs/tables/cmax_bias_by_arm.csv,963,26edeba5c7a25cb50a6d48914345cf4e5c65cf24d0bcbbc9a6474ec4de6edf83
si_analysis/outputs/tables/decomposition_ladder.csv,1930,1c73be23cdaf83d492ee2ce9a4926c059e345d5b1ff61350367b0d6cde1392ba
si_analysis/outputs/tables/decomposition_routing.csv,636,ed003c3a61d25f07d1c73ba7829be81a3399adfa2db73ea1f77f7883f66a4b62
si_analysis/outputs/tables/mechanistic_outcome_by_ECCS.csv,142,248a5a86924d90eb49087c94d13b2e3f0c2558f685108142fe2fa6a17f6eaf8d
si_analysis/outputs/tables/mechanistic_strata_cost_of_predicted_CL.csv,9075,fb57a94800029dd795cb07003b459bef27eea2a498ad9c9de66878566310a7e0
si_analysis/outputs/tables/mechanistic_strata_matched_delta.csv,9168,1d611d39a8262427cc33f21c69ba597dfa879323e293e2dd548c38c6e4a65301
si_analysis/outputs/tables/mechanistic_strata_template_assisted_delta.csv,9198,3f0ee9c15c0f2ee40f2ff5827cbee2230c9dca43ba45b5cf7e604feb228d01fc
si_analysis/outputs/tables/mechanistic_strata_v72_vs_v3.csv,4104,1a8162677403069adce939f78868288a8163153c96b0cb8fe8063c05ece274f0
si_analysis/outputs/tables/ml_benchmark_paired_stats_holm.csv,5719,b25d4d16466da78d929acb85bfb9e75ec39040af7440349184e9055b98cbe25d
si_analysis/outputs/tables/ml_table2_recomputed.csv,1439,cfc04bec01c5a34423b8ce143e4ae081eda69e36438ab739f67f6d679afb5166
si_analysis/outputs/tables/paired_contrasts.csv,6785,2ce11f72a9365c19b6af99eba9c80b602581e0e24244ed26fe5130ae74ded7c3
si_analysis/outputs/tables/per_compound_metrics.csv,276929,2819beba55664ebde8b7407ec10604a458e974d13ab77e9fc8485c80a3c960c3
si_analysis/outputs/tables/upstream_parameter_accuracy.csv,261,07880e2ad54663879cd4d1477adb570e91986eb696a99c6d43a225e0a9701b10
si_analysis/outputs/tables/upstream_parameter_fold_errors.csv,10838,2fec55d334ef7e951a580ad36f5b293379acaca1ae6e697a3fe0a871266befad
si_analysis/outputs/tables/upstream_parameter_r2.csv,209,5e3f2815e8f278de206dc083fabc9ed711188ec03f7f14d149648b4893758dac
si_analysis/outputs/tables/v0_structure_contrast.csv,277,303797ce171264c872db7c02a15f5f32a74f006f921f7af67d2dc5a71987c3e4
si_analysis/outputs/tables/v0_structure_contrast_by_compound.csv,3588,23c012929467558428cb4ea936a1262ab10ac3d8d9b01fe3db27fe4fc1450a8c
si_analysis/outputs/tables/v4_figure2_metrics.csv,346,b2b44ff11a1a378381a0c3b73bf072919a025f9879681a5f95a166a591f38e5e
si_analysis/outputs/tables/v4_figure4_metrics.csv,209,5e3f2815e8f278de206dc083fabc9ed711188ec03f7f14d149648b4893758dac
si_analysis/outputs/tables/v4_figure5_medians.csv,2214,3ced6c8a9322086395b54e28a7116fbd6d6fa3e7560305eb614d01f03af0ab04
si_analysis/outputs/tables/v4_figure7a_holm.csv,1012,775bca450d5b13286b38c471d824a94f742cbb73493692e3ee9f4fb8c76a6b1a
si_analysis/outputs/tables/v4_figure8_gof.csv,132,7a80581d9e3da7ae0b4ae13f97503e63a38d1c194cc620d9c0e30c20740be23a
si_analysis/outputs/tables/v4_figureS12_spearman.csv,272,55804d5e25a586585db1506aae3f9f03b70d79a8572ce25142ee0be7d7bc57aa
si_analysis/outputs/tables/v4_figureS13_spearman.csv,77,f97c546d9fca945132e8411549eaedb13809a453fb1ceefc136a596234ac0c87
si_analysis/outputs/tables/v4_figureS9_stats.csv,106,740cfdfe4828ef5004683a34c280b80696aa07664d599dd70ef29a21698d0729
si_analysis/outputs/tables/v7.3/figure2_test_metrics.csv,139,7edac9031e1973d52289131450bad5c42f6212eca46ae90a26f23c2d72532b55
si_analysis/outputs/tables/v7.3/figure3a_auc_summary.csv,162,519cd22df396a06dce4400937c8c01f4777e7055ba45a1af76b31b85d7ea47e9
si_analysis/outputs/tables/v7.3/figure3bc_values.csv,1890,ac0495c7153664af0b9b9920fc22403d1f71efaeb62ba667630910fd1457b26e
si_analysis/outputs/tables/v7.3/figure4a_values.csv,377,a82d54c75510e311a1311948b3e7783cfdfab1f5066efeef44314cf542a4f0d3
si_analysis/outputs/tables/v7.3/figure5a_clsys_gof.csv,43,3e92421f0332112202a8bb78487b6416ef75fafd5c13d4e3aab651bad7d1e38d
si_analysis/outputs/tables/v7.3/figure5def_examples.csv,206,53ed0d97b30abc295d7eed41f2a78b7a913fc150aecd972751871736f30f0a69
si_analysis/outputs/tables/v7.3/figureS_ml_train_test_counts.csv,247,027b5ed836553a7aa85104871152a9f50676783a93775ac3179f1396c871e590
si_analysis/outputs/tables/v7.3/si_relabel_log.csv,1742,377f6c48553b76c3af91e094ba91cf7835ed5c35c16b4cdf54be9ff3aeaf1995
si_analysis/outputs/tables/v7.3/training_compounds_without_archived_prediction.csv,394,f329d5289a79f2e6e902c279610cbb4263ad5554418731e31879bfbafc33f3f3
si_analysis/outputs/tables/v7.4/figure2_train_test_metrics.csv,393,ef5ee2d04facd99acc3d758d5254984590613efaa600f9ffd52fe70cbb6646a9
si_analysis/outputs/tables/v7.4/figure3_head_to_head_values.csv,839,5a74f4ef2a7ff4b2383bb3e0921e16f9cf98ceaad9e03b66babc65d5db7367cf
si_analysis/outputs/tables/v7.4/figure4_scenario_summary.csv,903,8845d7e634a37b9bc28c25da42355c0b8e9b278c0c02c0b6530d4d87fa5b2336
si_analysis/outputs/tables/v7.4/figure5a_values.csv,377,a82d54c75510e311a1311948b3e7783cfdfab1f5066efeef44314cf542a4f0d3
si_analysis/outputs/tables/v7.4/figure6_gof.csv,132,7a80581d9e3da7ae0b4ae13f97503e63a38d1c194cc620d9c0e30c20740be23a
si_analysis/outputs/tables/v7.4/figure6_relabel_log.csv,1,01ba4719c80b6fe911b091a7c05124b64eeece964e09c058ef8f9805daca546b
si_analysis/outputs/tables/v7.4/si_forest_relabel_log.csv,142,50451c5c3818a29624d81959de5817962c741b748d1789330643a446d5037c21
si_analysis/outputs/tables/v7.4_round4b/figure2_train_test_metrics.csv,393,ef5ee2d04facd99acc3d758d5254984590613efaa600f9ffd52fe70cbb6646a9
si_analysis/outputs/tables/v7.4_round4b/figure3_head_to_head_values.csv,839,5a74f4ef2a7ff4b2383bb3e0921e16f9cf98ceaad9e03b66babc65d5db7367cf
si_analysis/outputs/tables/v7.4_round4b/figure3_upstream_accuracy.csv,209,5e3f2815e8f278de206dc083fabc9ed711188ec03f7f14d149648b4893758dac
si_analysis/outputs/tables/v7.4_round4b/figure4_scenario_summary.csv,903,8845d7e634a37b9bc28c25da42355c0b8e9b278c0c02c0b6530d4d87fa5b2336
si_analysis/outputs/tables/v7.4_round4b/figure5a_values.csv,377,a82d54c75510e311a1311948b3e7783cfdfab1f5066efeef44314cf542a4f0d3
si_analysis/outputs/tables/v7.4_round4b/figure6_gof.csv,132,7a80581d9e3da7ae0b4ae13f97503e63a38d1c194cc620d9c0e30c20740be23a
si_analysis/outputs/tables/v7.4_round4b/figure6_relabel_log.csv,1,01ba4719c80b6fe911b091a7c05124b64eeece964e09c058ef8f9805daca546b
si_analysis/outputs/tables/within_2fold_paired_counts.csv,977,fb366b8a887f5586e3c2d12dc2320a574f1bdfe1f92562282402a00bddb8225c
superseded_v7.2/README.md,580,a52387329482f891e7cdf205dcdaa2e07b5a73dc5bfaef7fd792c295354ff2d6
superseded_v7.2/pbpk_evaluation_analysis/pbpk_physchem_mechanistic_master.csv,37489,179d50b2c44cfd06e3259da58b2be0b672ef317637045aaf82e2f33a95f8dfdf
