scenario,group,n,log_NRMSE_n,log_NRMSE_median,log_NRMSE_mean,rmse_log10_median,rmse_log10_mean,rmse_log10_tw_median,auc_log2_signed_median,auc_log2_abs_median,auc_within_2fold,auc_within_3fold,cmax_log2_signed_median,cmax_log2_signed_mean,cmax_log2_abs_median,cmax_within_2fold,cmax_within_3fold
v0_run0,A,41,40,0.1643,0.2101,0.2488,0.3091,0.2659,0.0960,0.2831,0.8537,0.9756,-0.2838,-0.3124,0.4551,0.7317,0.9512
v1_run0,A,41,40,0.1702,0.1967,0.3024,0.3026,0.2351,0.3114,0.3710,0.8293,0.9268,-0.3965,-0.6749,0.4923,0.7073,0.9024
s1_run1,A,41,40,0.1703,0.1978,0.3023,0.3042,0.2351,0.3456,0.3765,0.8537,0.9268,-0.3963,-0.6756,0.4909,0.7073,0.9024
s1_run2,A,41,40,0.1703,0.1977,0.3023,0.3041,0.2351,0.3456,0.3765,0.8537,0.9268,-0.3963,-0.6754,0.4909,0.7073,0.9024
s1_run3,B,41,40,0.1797,0.2496,0.3093,0.3854,0.2812,0.3461,0.4370,0.8293,0.9268,-0.4726,-0.6551,0.4962,0.7561,0.8049
h1_run0,B,41,40,0.2738,0.3922,0.4581,0.5171,0.4798,0.1622,0.9886,0.5366,0.6585,-0.4836,-0.6417,0.6442,0.7073,0.8293
h1_run0_noCLr,B,41,40,0.3018,0.4073,0.5062,0.5524,0.6085,0.4377,1.0238,0.4634,0.6098,-0.4807,-0.5770,0.6442,0.7073,0.8049
h2_run4,B,41,40,0.2619,0.3753,0.4179,0.5101,0.5550,0.4640,1.2403,0.4390,0.6341,-0.4784,-0.6071,0.6754,0.6829,0.7805
h2_run0,B,41,40,0.2873,0.3774,0.4781,0.5171,0.5628,0.4170,1.3339,0.4146,0.6585,-0.6068,-0.8368,0.7474,0.5854,0.7073
h1_run1,SI,41,40,0.3654,0.5536,0.5995,0.7397,0.6949,-0.2405,1.0424,0.4634,0.6341,-0.0084,-0.0721,0.9614,0.5366,0.7805
h1_run2,SI,41,40,0.3956,0.6698,0.5281,0.9450,0.5445,-0.4951,1.1595,0.4146,0.6585,0.0620,0.1200,0.9410,0.5610,0.6585
h1_run3,SI,41,40,0.3981,0.6674,0.5303,0.9464,0.5531,-0.5362,1.1632,0.4390,0.6585,0.0191,0.0699,0.8960,0.5610,0.6585
h1_run1_noCLr,SI,41,40,0.3598,0.5442,0.5859,0.7395,0.6659,0.0320,1.1724,0.4878,0.5366,0.1796,0.0479,0.9887,0.5122,0.7805
h1_run2_noCLr,SI,41,40,0.3882,0.6053,0.5207,0.8348,0.5456,-0.3299,1.1343,0.4390,0.6098,0.1197,0.2099,0.9970,0.5122,0.6585
h1_run3_noCLr,SI,41,40,0.3900,0.6034,0.5303,0.8363,0.5536,-0.3530,1.1666,0.4634,0.6098,0.0204,0.1593,0.9646,0.5366,0.6585
h2_run1,SI,41,40,0.3089,0.4239,0.5627,0.5659,0.5375,0.5284,0.9834,0.5122,0.5854,0.3556,0.0751,1.3405,0.4146,0.6585
h2_run2,SI,41,40,0.3588,0.5156,0.5578,0.7307,0.5211,0.2579,1.2526,0.4634,0.5854,0.0830,0.2146,1.1608,0.4634,0.6098
h2_run3,SI,41,40,0.3704,0.5166,0.5172,0.7361,0.5001,0.2499,1.2285,0.4634,0.6098,0.0030,0.1557,1.0024,0.4878,0.5854
