run_id,n,mean,median,ci_low,ci_high,pct_under
v0_run0,41,-0.3124,-0.2838,-0.5513,-0.0751,68.2927
v1_run0,41,-0.6749,-0.3965,-0.9543,-0.4293,87.8049
s1_run1,41,-0.6756,-0.3963,-0.9521,-0.4228,87.8049
s1_run2,41,-0.6754,-0.3963,-0.9555,-0.4133,87.8049
s1_run3,41,-0.6551,-0.4726,-1.0128,-0.3208,68.2927
h1_run0,41,-0.6417,-0.4836,-1.0108,-0.3047,70.7317
h1_run0_noCLr,41,-0.5770,-0.4807,-0.9653,-0.1803,68.2927
h2_run4,41,-0.6071,-0.4784,-0.9844,-0.2435,70.7317
h2_run0,41,-0.8368,-0.6068,-1.2757,-0.4210,65.8537
h1_run1,41,-0.0721,-0.0084,-0.5895,0.3984,51.2195
h1_run2,41,0.1200,0.0620,-0.3128,0.5560,46.3415
h1_run3,41,0.0699,0.0191,-0.3632,0.5056,48.7805
h1_run1_noCLr,41,0.0479,0.1796,-0.4726,0.5586,46.3415
h1_run2_noCLr,41,0.2099,0.1197,-0.2689,0.6923,46.3415
h1_run3_noCLr,41,0.1593,0.0204,-0.3094,0.6331,48.7805
h2_run1,41,0.0751,0.3556,-0.4663,0.6001,46.3415
h2_run2,41,0.2146,0.0830,-0.2903,0.7079,46.3415
h2_run3,41,0.1557,0.0030,-0.3412,0.6506,48.7805
