stratum,variable,cls,endpoint,endpoint_col,n,median,hl,ci_low,ci_high,p_wilcoxon,n_positive,n_negative,p_kruskal,p_holm
ECCS class (S+),ECCS_class,Class 1,C–T log-NRMSE,log_NRMSE,5,-0.0864,-0.0223,-0.1860,0.1492,0.6250,2,3,0.7766,1.0000
ECCS class (S+),ECCS_class,Class 2,C–T log-NRMSE,log_NRMSE,22,-0.0196,-0.0139,-0.0418,0.0159,0.3705,9,13,0.7766,1.0000
ECCS class (S+),ECCS_class,Class 3,C–T log-NRMSE,log_NRMSE,6,0.0174,0.0174,-0.2338,0.2539,0.8438,3,3,0.7766,1.0000
ECCS class (S+),ECCS_class,Class 4,C–T log-NRMSE,log_NRMSE,5,0.1843,0.1024,-0.2728,0.3238,0.8125,3,2,0.7766,1.0000
ECCS class (S+),ECCS_class,Class 1,C–T RMSE (log₁₀),rmse_log10,6,0.0081,0.0652,-0.1674,0.2408,0.6875,3,3,0.8527,1.0000
ECCS class (S+),ECCS_class,Class 2,C–T RMSE (log₁₀),rmse_log10,22,-0.0228,-0.0225,-0.0694,0.0337,0.3880,8,14,0.8527,1.0000
ECCS class (S+),ECCS_class,Class 3,C–T RMSE (log₁₀),rmse_log10,6,0.0698,0.0698,-0.5222,0.6274,0.6875,3,3,0.8527,1.0000
ECCS class (S+),ECCS_class,Class 4,C–T RMSE (log₁₀),rmse_log10,5,0.1858,0.1145,-0.2517,0.4619,0.6250,3,2,0.8527,1.0000
ECCS class (S+),ECCS_class,Class 1,AUC |log₂ FE|,fe_auc_abs,6,0.1843,0.1843,-0.3562,0.6044,0.6875,3,3,0.8004,1.0000
ECCS class (S+),ECCS_class,Class 2,AUC |log₂ FE|,fe_auc_abs,22,-0.1031,-0.0817,-0.3155,0.2052,0.6327,9,13,0.8004,1.0000
ECCS class (S+),ECCS_class,Class 3,AUC |log₂ FE|,fe_auc_abs,6,0.4141,0.4141,-0.7854,1.9987,0.5625,4,2,0.8004,1.0000
ECCS class (S+),ECCS_class,Class 4,AUC |log₂ FE|,fe_auc_abs,5,0.5380,0.1649,-1.3923,1.2808,1.0000,3,2,0.8004,1.0000
ECCS class (S+),ECCS_class,Class 1,Cmax |log₂ FE|,fe_cmax_abs,6,-0.0119,-0.0138,-0.0250,-0.0035,0.0938,1,5,0.7014,0.3750
ECCS class (S+),ECCS_class,Class 2,Cmax |log₂ FE|,fe_cmax_abs,22,0.0122,0.0122,-0.0144,0.0428,0.3705,14,8,0.7014,1.0000
ECCS class (S+),ECCS_class,Class 3,Cmax |log₂ FE|,fe_cmax_abs,6,0.0235,0.0235,-0.1721,0.7834,0.8438,4,2,0.7014,1.0000
ECCS class (S+),ECCS_class,Class 4,Cmax |log₂ FE|,fe_cmax_abs,5,-0.0048,-0.0356,-0.6884,0.1402,0.8125,2,3,0.7014,1.0000
Clearance group,clearance_group,Metabolism-leaning,C–T log-NRMSE,log_NRMSE,10,-0.0441,-0.0441,-0.1908,0.0500,0.4316,4,6,0.6292,1.0000
Clearance group,clearance_group,Renal-leaning,C–T log-NRMSE,log_NRMSE,5,0.0070,0.0111,-0.0272,0.1447,0.8125,3,2,0.6292,1.0000
Clearance group,clearance_group,Uptake/Biliary-influenced,C–T log-NRMSE,log_NRMSE,6,0.1660,0.1482,-0.2484,0.3821,0.8438,3,3,0.6292,1.0000
Clearance group,clearance_group,Mixed/Other,C–T log-NRMSE,log_NRMSE,19,-0.0244,0.0001,-0.0509,0.0899,1.0000,8,11,0.6292,1.0000
Clearance group,clearance_group,Metabolism-leaning,C–T RMSE (log₁₀),rmse_log10,10,-0.0788,-0.0576,-0.3340,0.0812,0.3750,4,6,0.4851,1.0000
Clearance group,clearance_group,Renal-leaning,C–T RMSE (log₁₀),rmse_log10,5,0.0103,0.0103,-0.0289,0.3331,0.8125,3,2,0.4851,1.0000
Clearance group,clearance_group,Uptake/Biliary-influenced,C–T RMSE (log₁₀),rmse_log10,6,0.0866,0.1858,-0.2080,0.6307,0.5625,3,3,0.4851,1.0000
Clearance group,clearance_group,Mixed/Other,C–T RMSE (log₁₀),rmse_log10,20,-0.0228,0.0351,-0.0643,0.1485,0.6215,8,12,0.4851,1.0000
Clearance group,clearance_group,Metabolism-leaning,AUC |log₂ FE|,fe_auc_abs,10,-0.2075,-0.1699,-0.7253,0.2998,0.6953,4,6,0.4183,1.0000
Clearance group,clearance_group,Renal-leaning,AUC |log₂ FE|,fe_auc_abs,5,0.2743,0.3731,0.0734,1.1876,0.0625,5,0,0.4183,0.2500
Clearance group,clearance_group,Uptake/Biliary-influenced,AUC |log₂ FE|,fe_auc_abs,6,-0.6217,0.2609,-1.2885,1.6428,1.0000,2,4,0.4183,1.0000
Clearance group,clearance_group,Mixed/Other,AUC |log₂ FE|,fe_auc_abs,20,-0.0254,0.0852,-0.1923,0.3732,0.6477,9,11,0.4183,1.0000
Clearance group,clearance_group,Metabolism-leaning,Cmax |log₂ FE|,fe_cmax_abs,10,-0.0004,0.0007,-0.0506,0.0741,1.0000,5,5,0.8599,1.0000
Clearance group,clearance_group,Renal-leaning,Cmax |log₂ FE|,fe_cmax_abs,5,0.0614,0.0283,-0.0833,0.1295,0.6250,3,2,0.8599,1.0000
Clearance group,clearance_group,Uptake/Biliary-influenced,Cmax |log₂ FE|,fe_cmax_abs,6,-0.0027,-0.0027,-0.6148,0.7600,1.0000,3,3,0.8599,1.0000
Clearance group,clearance_group,Mixed/Other,Cmax |log₂ FE|,fe_cmax_abs,20,0.0035,0.0061,-0.0189,0.0387,0.5706,11,9,0.8599,1.0000
Ionization at pH 7.4,ionization_pH74,Acid (ionized),C–T log-NRMSE,log_NRMSE,6,0.1492,0.1119,-0.0952,0.3286,0.4375,4,2,0.4358,1.0000
Ionization at pH 7.4,ionization_pH74,Base (ionized),C–T log-NRMSE,log_NRMSE,12,-0.0341,-0.0076,-0.0426,0.0872,0.6772,4,8,0.4358,1.0000
Ionization at pH 7.4,ionization_pH74,Ampholyte,C–T log-NRMSE,log_NRMSE,4,-0.0544,-0.0549,-0.0864,-0.0244,0.1250,0,4,0.4358,0.5000
Ionization at pH 7.4,ionization_pH74,Neutral at pH 7.4,C–T log-NRMSE,log_NRMSE,18,0.0065,0.0065,-0.1224,0.1482,0.7987,10,8,0.4358,1.0000
Ionization at pH 7.4,ionization_pH74,Acid (ionized),C–T RMSE (log₁₀),rmse_log10,7,0.2951,0.2830,-0.0454,0.6781,0.1562,5,2,0.2916,0.5000
Ionization at pH 7.4,ionization_pH74,Base (ionized),C–T RMSE (log₁₀),rmse_log10,12,-0.0413,-0.0151,-0.0667,0.1366,0.7334,4,8,0.2916,1.0000
Ionization at pH 7.4,ionization_pH74,Ampholyte,C–T RMSE (log₁₀),rmse_log10,4,-0.0768,-0.0772,-0.1289,-0.0261,0.1250,0,4,0.2916,0.5000
Ionization at pH 7.4,ionization_pH74,Neutral at pH 7.4,C–T RMSE (log₁₀),rmse_log10,18,-0.0012,0.0103,-0.1577,0.1123,0.9661,9,9,0.2916,1.0000
Ionization at pH 7.4,ionization_pH74,Acid (ionized),AUC |log₂ FE|,fe_auc_abs,7,0.6644,0.7930,0.0711,1.9766,0.0781,5,2,0.0687,0.3125
Ionization at pH 7.4,ionization_pH74,Base (ionized),AUC |log₂ FE|,fe_auc_abs,12,-0.0095,0.1890,-0.1699,0.7040,0.4697,6,6,0.0687,0.9395
Ionization at pH 7.4,ionization_pH74,Ampholyte,AUC |log₂ FE|,fe_auc_abs,4,-0.3384,-0.2140,-0.7082,0.6485,0.6250,1,3,0.0687,0.9395
Ionization at pH 7.4,ionization_pH74,Neutral at pH 7.4,AUC |log₂ FE|,fe_auc_abs,18,-0.0550,-0.3660,-0.7253,0.2170,0.2837,8,10,0.0687,0.8512
Ionization at pH 7.4,ionization_pH74,Acid (ionized),Cmax |log₂ FE|,fe_cmax_abs,7,-0.0117,-0.0036,-0.0250,0.7541,0.9375,2,5,0.2880,1.0000
Ionization at pH 7.4,ionization_pH74,Base (ionized),Cmax |log₂ FE|,fe_cmax_abs,12,0.0323,0.0376,-0.0042,0.1048,0.0771,9,3,0.2880,0.3086
Ionization at pH 7.4,ionization_pH74,Ampholyte,Cmax |log₂ FE|,fe_cmax_abs,4,0.0028,0.0017,-0.1618,0.0123,0.8750,3,1,0.2880,1.0000
Ionization at pH 7.4,ionization_pH74,Neutral at pH 7.4,Cmax |log₂ FE|,fe_cmax_abs,18,-0.0035,-0.0168,-0.0846,0.0379,0.5509,8,10,0.2880,1.0000
logP bin,logP_bin,<2,C–T log-NRMSE,log_NRMSE,11,-0.0400,-0.0341,-0.2183,0.1142,0.5195,4,7,0.6173,1.0000
logP bin,logP_bin,2–4,C–T log-NRMSE,log_NRMSE,22,-0.0147,0.0083,-0.0477,0.1177,0.7745,10,12,0.6173,1.0000
logP bin,logP_bin,>4,C–T log-NRMSE,log_NRMSE,7,0.0227,0.0175,-0.0358,0.1912,0.5781,4,3,0.6173,1.0000
logP bin,logP_bin,<2,C–T RMSE (log₁₀),rmse_log10,12,-0.0285,-0.0239,-0.2315,0.1792,0.7910,5,7,0.8216,1.0000
logP bin,logP_bin,2–4,C–T RMSE (log₁₀),rmse_log10,22,-0.0225,0.0275,-0.0670,0.1701,0.6556,9,13,0.8216,1.0000
logP bin,logP_bin,>4,C–T RMSE (log₁₀),rmse_log10,7,0.0337,0.0367,-0.0736,0.1702,0.5781,4,3,0.8216,1.0000
logP bin,logP_bin,<2,AUC |log₂ FE|,fe_auc_abs,12,0.1145,0.1456,-0.6224,0.8057,0.6772,7,5,0.5313,1.0000
logP bin,logP_bin,2–4,AUC |log₂ FE|,fe_auc_abs,22,-0.0338,0.1309,-0.1771,0.4829,0.5446,10,12,0.5313,1.0000
logP bin,logP_bin,>4,AUC |log₂ FE|,fe_auc_abs,7,-0.3188,-0.2282,-0.7873,0.2743,0.4688,3,4,0.5313,1.0000
logP bin,logP_bin,<2,Cmax |log₂ FE|,fe_cmax_abs,12,0.0131,0.0042,-0.0913,0.0487,0.9697,7,5,0.9879,1.0000
logP bin,logP_bin,2–4,Cmax |log₂ FE|,fe_cmax_abs,22,-0.0004,0.0057,-0.0216,0.0597,0.7262,11,11,0.9879,1.0000
logP bin,logP_bin,>4,Cmax |log₂ FE|,fe_cmax_abs,7,0.0007,0.0065,-0.6048,0.0981,0.9375,4,3,0.9879,1.0000
VDss bin,VDss_bin,Low (<0.7),C–T log-NRMSE,log_NRMSE,12,0.0670,0.0776,-0.0952,0.3258,0.5186,7,5,0.3746,1.0000
VDss bin,VDss_bin,Mid (0.7–2),C–T log-NRMSE,log_NRMSE,15,0.0060,0.0117,-0.0343,0.0772,0.6788,8,7,0.3746,1.0000
VDss bin,VDss_bin,High (>2),C–T log-NRMSE,log_NRMSE,13,-0.0400,-0.0372,-0.0938,-0.0018,0.0681,3,10,0.3746,0.2043
VDss bin,VDss_bin,Low (<0.7),C–T RMSE (log₁₀),rmse_log10,13,0.1630,0.1513,-0.1423,0.3813,0.2163,8,5,0.2168,0.4326
VDss bin,VDss_bin,Mid (0.7–2),C–T RMSE (log₁₀),rmse_log10,15,-0.0188,0.0285,-0.0437,0.1360,0.6788,7,8,0.2168,0.6788
VDss bin,VDss_bin,High (>2),C–T RMSE (log₁₀),rmse_log10,13,-0.0545,-0.0560,-0.1719,-0.0045,0.0681,3,10,0.2168,0.2043
VDss bin,VDss_bin,Low (<0.7),AUC |log₂ FE|,fe_auc_abs,13,0.4805,0.3729,-0.2622,0.9573,0.3396,8,5,0.0086,0.3396
VDss bin,VDss_bin,Mid (0.7–2),AUC |log₂ FE|,fe_auc_abs,15,0.2818,0.2858,-0.0896,0.6260,0.1514,10,5,0.0086,0.3029
VDss bin,VDss_bin,High (>2),AUC |log₂ FE|,fe_auc_abs,13,-0.2908,-0.3785,-0.7787,-0.1233,0.0061,2,11,0.0086,0.0183
VDss bin,VDss_bin,Low (<0.7),Cmax |log₂ FE|,fe_cmax_abs,13,-0.0048,-0.0065,-0.0325,0.0485,0.3757,5,8,0.5997,1.0000
VDss bin,VDss_bin,Mid (0.7–2),Cmax |log₂ FE|,fe_cmax_abs,15,0.0360,0.0179,-0.0457,0.0815,0.6788,9,6,0.5997,1.0000
VDss bin,VDss_bin,High (>2),Cmax |log₂ FE|,fe_cmax_abs,13,0.0121,0.0124,-0.0703,0.0735,0.4548,8,5,0.5997,1.0000
