Comparison,Comparator,Endpoint,N_paired,A_MAE,Comparator_MAE,delta_MAE,delta_MAE_CI95_lo,delta_MAE_CI95_hi,wilcoxon_p_abs_err,A_RMSE,Comparator_RMSE,delta_RMSE,delta_RMSE_CI95_lo,delta_RMSE_CI95_hi,delta_MSE,delta_MSE_CI95_lo,delta_MSE_CI95_hi,A_GMFE,Comparator_GMFE,A_FE<2,Comparator_FE<2,delta_FE<2,delta_FE<2_CI95_lo,delta_FE<2_CI95_hi,mcnemar_p_FE<2,A_R2,Comparator_R2,delta_R2,delta_R2_CI95_lo,delta_R2_CI95_hi,family,p_holm_wilcoxon,p_holm_mcnemar,verdict
A vs C,C,Fu,633,0.340388,0.342011,-0.00162314,-0.0200137,0.0163164,0.892421,0.471213,0.45926,0.0119529,-0.0123921,0.0338798,0.0111219,-0.0112012,0.0320988,2.18972,2.19792,0.581359,0.582938,-0.00157978,-0.0410742,0.0363744,1,0.66246,0.679367,-0.0169071,-0.0498459,0.0167069,primary: A vs C-G (15 tests),1,1,no detectable difference
A vs C,C,CL,177,0.299682,0.318412,-0.01873,-0.0469466,0.00789895,0.141964,0.408818,0.427848,-0.0190297,-0.0507618,0.010998,-0.0159215,-0.0431036,0.00913512,1.9938,2.08167,0.649718,0.59322,0.0564972,-0.0112994,0.124294,0.143307,0.505081,0.457933,0.0471474,-0.0284978,0.125431,primary: A vs C-G (15 tests),1,1,no detectable difference
A vs C,C,VDss,177,0.279333,0.281773,-0.00244032,-0.0291075,0.0268757,0.685454,0.359055,0.359314,-0.00025831,-0.0321767,0.0340034,-0.000185562,-0.0229858,0.02458,1.90254,1.91326,0.644068,0.59322,0.0508475,-0.0225989,0.124294,0.232693,0.577993,0.577385,0.000607416,-0.0799654,0.0777021,primary: A vs C-G (15 tests),1,1,no detectable difference
A vs D,D,Fu,633,0.340388,0.341769,-0.00138132,-0.0176506,0.0149742,0.775032,0.471213,0.462806,0.00840632,-0.0115496,0.0287184,0.00785166,-0.0110194,0.0271065,2.18972,2.19669,0.581359,0.57346,0.00789889,-0.0300553,0.0442338,0.741592,0.66246,0.674396,-0.0119358,-0.0415272,0.0164232,primary: A vs C-G (15 tests),1,1,no detectable difference
A vs D,D,CL,177,0.299682,0.314574,-0.0148919,-0.0427737,0.0127646,0.227134,0.408818,0.424849,-0.016031,-0.0481111,0.0139888,-0.0133645,-0.0395943,0.0119231,1.9938,2.06336,0.649718,0.615819,0.0338983,-0.0338983,0.101695,0.405032,0.505081,0.465505,0.0395755,-0.0376015,0.120141,primary: A vs C-G (15 tests),1,1,no detectable difference
A vs D,D,VDss,177,0.279333,0.280454,-0.00112055,-0.0183894,0.0168623,0.803908,0.359055,0.364967,-0.00591125,-0.026797,0.0151278,-0.00427988,-0.0198466,0.0105674,1.90254,1.90745,0.644068,0.59322,0.0508475,-0.00564972,0.112994,0.149613,0.577993,0.563983,0.0140097,-0.0370252,0.0653182,primary: A vs C-G (15 tests),1,1,no detectable difference
A vs E,E,Fu,633,0.340388,0.360388,-0.0199997,-0.0357497,-0.00474075,0.00534742,0.471213,0.486759,-0.0155465,-0.035368,0.00500325,-0.0148931,-0.0340566,0.00466774,2.18972,2.29291,0.581359,0.565561,0.0157978,-0.0189573,0.0489731,0.426439,0.66246,0.63982,0.02264,-0.00715773,0.0521988,primary: A vs C-G (15 tests),0.0748639,1,"MAE CI excludes 0, not after Holm"
A vs E,E,CL,177,0.299682,0.354234,-0.0545515,-0.0869161,-0.0227417,0.0136042,0.408818,0.466845,-0.0580263,-0.0971043,-0.0188135,-0.0508115,-0.0870572,-0.0161481,1.9938,2.26065,0.649718,0.536723,0.112994,0.0508475,0.175282,0.00119324,0.505081,0.354616,0.150465,0.0469756,0.272868,primary: A vs C-G (15 tests),0.149646,0.0178986,"MAE CI excludes 0, not after Holm; FE<2 favours A after Holm"
A vs E,E,VDss,177,0.279333,0.32563,-0.0462973,-0.0749972,-0.0167146,0.00429372,0.359055,0.408255,-0.0491993,-0.0824765,-0.0146679,-0.0377511,-0.06357,-0.0113976,1.90254,2.11656,0.644068,0.570621,0.0734463,-0.00564972,0.152542,0.104789,0.577993,0.454419,0.123574,0.0362059,0.215593,primary: A vs C-G (15 tests),0.0644058,1,"MAE CI excludes 0, not after Holm"
A vs F,F,Fu,633,0.340388,0.350905,-0.0105173,-0.0279055,0.00681386,0.0951474,0.471213,0.460716,0.0104967,-0.0113335,0.0323838,0.00978217,-0.0102735,0.0311238,2.18972,2.24339,0.581359,0.549763,0.0315956,-0.00793839,0.0695103,0.135248,0.66246,0.67733,-0.0148706,-0.0472014,0.0153825,primary: A vs C-G (15 tests),0.951474,1,no detectable difference
A vs F,F,CL,177,0.299682,0.306134,-0.00645162,-0.0380438,0.0238424,0.898011,0.408818,0.422353,-0.0135349,-0.0561238,0.026603,-0.0112499,-0.0472881,0.0221909,1.9938,2.02364,0.649718,0.610169,0.039548,-0.0338983,0.107345,0.324009,0.505081,0.471767,0.0333136,-0.0738009,0.130161,primary: A vs C-G (15 tests),1,1,no detectable difference
A vs F,F,VDss,177,0.279333,0.28367,-0.00433735,-0.0206269,0.012261,0.998247,0.359055,0.366391,-0.00733538,-0.0276757,0.0126384,-0.00532142,-0.020365,0.00885868,1.90254,1.92163,0.644068,0.59322,0.0508475,-0.00564972,0.112994,0.136046,0.577993,0.560574,0.0174191,-0.0315955,0.0694171,primary: A vs C-G (15 tests),1,1,no detectable difference
A vs G,G,Fu,633,0.340388,0.35605,-0.0156621,-0.0288202,-0.0021321,0.0120933,0.471213,0.483996,-0.0127839,-0.0294918,0.00341146,-0.0122113,-0.0282038,0.00325871,2.18972,2.27013,0.581359,0.578199,0.00315956,-0.028436,0.0363349,0.921949,0.66246,0.643897,0.0185632,-0.00490526,0.0440065,primary: A vs C-G (15 tests),0.14512,1,"MAE CI excludes 0, not after Holm"
A vs G,G,CL,177,0.299682,0.308034,-0.00835143,-0.0322213,0.0170859,0.366482,0.408818,0.421489,-0.012671,-0.0437486,0.0183087,-0.0105208,-0.0364984,0.0160493,1.9938,2.03252,0.649718,0.570621,0.079096,0.0169492,0.141243,0.0243065,0.505081,0.473926,0.0311548,-0.0457738,0.116905,primary: A vs C-G (15 tests),1,0.315985,"FE<2 CI excludes 0, not after Holm"
A vs G,G,VDss,177,0.279333,0.316556,-0.0372227,-0.0617378,-0.0104266,0.00922017,0.359055,0.389898,-0.0308431,-0.0602433,-0.000385553,-0.0231001,-0.0453696,-0.000268055,1.90254,2.07279,0.644068,0.519774,0.124294,0.0508475,0.19774,0.00208811,0.577993,0.502377,0.0756155,0.000913845,0.15552,primary: A vs C-G (15 tests),0.119862,0.0292335,"MAE CI excludes 0, not after Holm; FE<2 favours A after Holm"
