predictor,parameter,compound_id,obs,pred,log2_fe
S+,Fu,52,0.29,0.0664824965,-2.1250064370183397
S+,Fu,172,0.19,0.2226881493,0.22902536632729964
S+,Fu,177,0.04,0.131895392,1.7213222572412186
S+,Fu,184,0.64,0.8246744935,0.36575288178505216
S+,Fu,295,0.23,0.5092259201,1.146671994534658
S+,Fu,308,0.055,0.070630508,0.36085985428316913
S+,Fu,323,0.09,0.0987242805,0.13347994695752344
S+,Fu,332,0.65,0.2794767387,-1.2177115079123375
S+,Fu,366,0.16,0.1232749457,-0.37619228775004443
S+,Fu,394,0.7,0.2447660142,-1.5159516685570813
S+,Fu,413,0.04,0.0737192269,0.882040941378495
S+,Fu,471,0.1,0.5683161875,2.506693808638191
S+,Fu,488,0.081,0.0787503099,-0.04063630716003215
S+,Fu,637,0.075,0.133013336,0.826608397761225
S+,Fu,674,0.002,0.0163888689,3.0346443832069174
S+,Fu,703,0.021,0.0729008483,1.7955462744671609
S+,Fu,739,0.09,0.0918783405,0.02979979765443739
S+,Fu,781,1.0,0.9917883525,-0.0118958123562655
S+,Fu,787,0.37,0.2931524596,-0.3358741094947111
S+,Fu,800,0.88,0.5612584019,-0.6488383869451719
S+,Fu,811,0.017,0.0521274648,1.6165089503365861
S+,Fu,832,0.002,0.0042045457,1.0719499261012095
S+,Fu,875,0.044,0.0854397994,0.9574047360451372
S+,Fu,907,0.27,0.3822122892,0.5014147584878915
S+,Fu,938,0.06,0.1242805838,1.05056651772111
S+,Fu,963,0.47,0.3815869614,-0.30064888063797246
S+,Fu,967,0.49,0.2217861066,-1.1436127559873601
S+,Fu,973,0.13,0.1299051074,-0.0010534697904909524
S+,Fu,1001,0.013,0.02398,0.8833200354984069
S+,Fu,1009,0.5,0.0975927913,-2.357081602845463
S+,Fu,1018,0.13,0.1525195804,0.23048284389807436
S+,Fu,1041,0.26,0.1560183262,-0.7367961225956691
S+,Fu,1094,0.002,0.0201095146,3.3298063534264775
S+,Fu,1095,0.12,0.0617986616,-0.957386907315645
S+,Fu,1197,0.93,0.8788789783,-0.08156619638886821
S+,Fu,1245,0.05,0.0461859646,-0.11447359559143934
S+,Fu,1293,0.04,0.020413751,-0.9704586999475749
S+,Fu,1300,0.093,0.1090032586,0.2290686429880691
S+,Fu,1319,0.42,0.2152097058,-0.9646461840406728
S+,Fu,1323,0.015,0.0187570003,0.32246662359566874
S+,Fu,1341,0.8,0.610826059,-0.38923838844133585
S+,VDss,52,0.8,1.04444924,0.38467047433905016
S+,VDss,172,1.7,2.81424697,0.7272141944217629
S+,VDss,177,4.9,3.74827487,-0.3865549960585423
S+,VDss,184,0.63,0.96334116,0.6126949795051955
S+,VDss,295,1.5,2.81400379,0.9076617709273914
S+,VDss,308,1.6,6.21052072,1.9566423309123482
S+,VDss,323,22.15,7.55976081,-1.5508942052115051
S+,VDss,332,0.85,0.56509287,-0.5889748550001405
S+,VDss,366,15.0,7.88532011,-0.9277212722052328
S+,VDss,394,4.1,0.78786603,-2.379601672254115
S+,VDss,413,2.1,3.33861058,0.6688584974452597
S+,VDss,471,0.95,2.75795401,1.5375989809722004
S+,VDss,488,1.5,0.86989867,-0.7860432369489018
S+,VDss,637,12.0,7.66582382,-0.6465216589788984
S+,VDss,674,7.4,1.90486144,-1.9578392111306362
S+,VDss,703,0.28,0.64069361,1.1942077745894875
S+,VDss,739,1.3,1.031698,-0.33349089829156886
S+,VDss,781,0.64,1.02910156,0.6852415557560958
S+,VDss,787,0.43,0.43118967,0.003985956081140289
S+,VDss,800,2.878571429,2.76391031,-0.05864221134573974
S+,VDss,811,1.1,1.28554088,0.22487196462896666
S+,VDss,832,0.15,0.33317551,1.1513198588657356
S+,VDss,875,0.79,1.07978561,0.4508203372333323
S+,VDss,907,1.8,1.87870171,0.061739115144170145
S+,VDss,938,18.0,4.38546728,-2.0371944286418966
S+,VDss,963,1.4,0.88084252,-0.6684708097487241
S+,VDss,967,0.54,0.45472132,-0.24797675961063897
S+,VDss,973,0.43,0.57488744,0.41894285163305345
S+,VDss,1001,3.8,1.483,-1.3574808207636797
S+,VDss,1009,0.46,0.32026465,-0.5223692952898887
S+,VDss,1018,0.13,0.24508386,0.9147638553832409
S+,VDss,1041,2.9,2.60386421,-0.15539868547999533
S+,VDss,1094,0.2,0.48058902,1.264803687642759
S+,VDss,1095,1.7,0.35113122,-2.275452565519387
S+,VDss,1197,0.83,0.33473323,-1.3100995575399401
S+,VDss,1245,0.12,0.25185138,1.0695382303189538
S+,VDss,1293,0.22,0.35335103,0.6835985906403271
S+,VDss,1300,3.7,5.15482205,0.4783973543273089
S+,VDss,1319,2.2,1.57094792,-0.4858681704909391
S+,VDss,1323,0.13,0.37781115,1.5391536560594692
S+,VDss,1341,1.8,0.81432313,-1.1443236202865181
DL-ML,Fu,52,0.29,0.128176383,-1.1779224360023497
DL-ML,Fu,172,0.19,0.162559478,-0.22503174401079798
DL-ML,Fu,177,0.04,0.1681493942,2.0716716760936356
DL-ML,Fu,184,0.64,0.5385001133,-0.24912525680122177
DL-ML,Fu,295,0.23,0.176959096,-0.3782179405095298
DL-ML,Fu,308,0.055,0.0758660434,0.464022680966602
DL-ML,Fu,323,0.09,0.1056808666,0.2317172955208948
DL-ML,Fu,332,0.65,0.3316097995,-0.9709530771664229
DL-ML,Fu,366,0.16,0.1371851258,-0.22194783830941983
DL-ML,Fu,394,0.7,0.1762768548,-1.9895118612243465
DL-ML,Fu,413,0.04,0.0523595698,0.38845324376985574
DL-ML,Fu,471,0.1,0.2176192489,1.121806171773752
DL-ML,Fu,488,0.081,0.0350190178,-1.2097832878163375
DL-ML,Fu,637,0.075,0.107015601,0.5128586309020384
DL-ML,Fu,674,0.002,0.0103718044,2.374594998920587
DL-ML,Fu,703,0.021,0.0201924311,-0.05657471119081925
DL-ML,Fu,739,0.09,0.0400812563,-1.1669972726154063
DL-ML,Fu,781,1.0,0.585524399,-0.7721988053173401
DL-ML,Fu,787,0.37,0.2822579767,-0.39051091814748456
DL-ML,Fu,800,0.88,0.655456979,-0.4250024316631954
DL-ML,Fu,811,0.017,0.0669878305,1.978364282461776
DL-ML,Fu,832,0.002,0.0037485786,0.9063436528170726
DL-ML,Fu,875,0.044,0.0235123391,-0.9040854526405429
DL-ML,Fu,907,0.27,0.1725703786,-0.6457745575584135
DL-ML,Fu,938,0.06,0.0656121592,0.12900069814664614
DL-ML,Fu,963,0.47,0.4650544399,-0.015261146856556948
DL-ML,Fu,967,0.49,0.4682043378,-0.06564344849522417
DL-ML,Fu,973,0.13,0.1931863241,0.5714813443596342
DL-ML,Fu,1001,0.013,0.0245968443,0.9199616108157606
DL-ML,Fu,1009,0.5,0.3556219352,-0.49158378076392933
DL-ML,Fu,1018,0.13,0.505979257,1.9605666185104393
DL-ML,Fu,1041,0.26,0.2117595488,-0.2960845972815999
DL-ML,Fu,1094,0.002,0.0089729813,2.1655874045557337
DL-ML,Fu,1095,0.12,0.0661647333,-0.8589000548429424
DL-ML,Fu,1197,0.93,0.6888598583,-0.43302020542484837
DL-ML,Fu,1245,0.05,0.0581606162,0.21811445951414155
DL-ML,Fu,1293,0.04,0.0095152123,-2.0716922491352743
DL-ML,Fu,1300,0.093,0.1697781058,0.8683478028677251
DL-ML,Fu,1319,0.42,0.3773075747,-0.1546482643921106
DL-ML,Fu,1323,0.015,0.0075472687,-0.9909359572483873
DL-ML,Fu,1341,0.8,0.0560050225,-3.8363718818077035
DL-ML,VDss,52,0.8,0.7462035812,-0.10043071600842357
DL-ML,VDss,172,1.7,1.5168278954,-0.16447734471908537
DL-ML,VDss,177,4.9,2.9823659684,-0.7163244465360634
DL-ML,VDss,184,0.63,0.6667796181,0.08185817655840359
DL-ML,VDss,295,1.5,4.6748153888,1.6399468925311869
DL-ML,VDss,308,1.6,15.4115918522,3.267872074253368
DL-ML,VDss,323,22.15,9.4192633639,-1.2336205557832398
DL-ML,VDss,332,0.85,1.3275757322,0.6432594162506063
DL-ML,VDss,366,15.0,9.235127039,-0.6997587884587695
DL-ML,VDss,394,4.1,0.5286649134,-2.955198423962293
DL-ML,VDss,413,2.1,11.8257144749,2.4934661165865473
DL-ML,VDss,471,0.95,4.3058184169,2.1802880615244873
DL-ML,VDss,488,1.5,0.4980294974,-1.5906594025271632
DL-ML,VDss,637,12.0,8.8962969947,-0.43175754880758915
DL-ML,VDss,674,7.4,3.1427655507,-1.2354906191771127
DL-ML,VDss,703,0.28,0.6065902983,1.1152955967621565
DL-ML,VDss,739,1.3,0.8477725042,-0.6167625419079977
DL-ML,VDss,781,0.64,2.0078041012,1.6494747040761752
DL-ML,VDss,787,0.43,0.6789946807,0.6590636125083043
DL-ML,VDss,800,2.878571429,2.3514334451,-0.2918125130201498
DL-ML,VDss,811,1.1,1.6029476126,0.5432237524741507
DL-ML,VDss,832,0.15,0.8599764946,2.5193347270151496
DL-ML,VDss,875,0.79,3.3830125664,2.0983839777154203
DL-ML,VDss,907,1.8,1.4059695339,-0.356431573714627
DL-ML,VDss,938,18.0,6.1143453096,-1.5577269702544119
DL-ML,VDss,963,1.4,1.0062072171,-0.47649938455400687
DL-ML,VDss,967,0.54,0.7773850117,0.5256698849205106
DL-ML,VDss,973,0.43,0.6085406415,0.5010169569986199
DL-ML,VDss,1001,3.8,4.9312658107,0.37595860216823374
DL-ML,VDss,1009,0.46,0.5639760078,0.2939999288228626
DL-ML,VDss,1018,0.13,0.236010118,0.860337087500848
DL-ML,VDss,1041,2.9,2.5383804659,-0.19214457608508242
DL-ML,VDss,1094,0.2,1.169173965,2.547417703773128
DL-ML,VDss,1095,1.7,0.4718270255,-1.8492047850337598
DL-ML,VDss,1197,0.83,0.4051274039,-1.0347356603874258
DL-ML,VDss,1245,0.12,0.1831872209,0.6102844590244272
DL-ML,VDss,1293,0.22,0.1879927907,-0.22682618642566743
DL-ML,VDss,1300,3.7,3.3016120049,-0.16435468153097077
DL-ML,VDss,1319,2.2,1.3829898858,-0.6697129180637977
DL-ML,VDss,1323,0.13,0.2864062823,1.1395515151014133
DL-ML,VDss,1341,1.8,0.5945120368,-1.598218981621302
DL-ML,CLsys,52,0.0444,0.17322813521142857,1.964041685752634
DL-ML,CLsys,172,0.534,0.3297907867814286,-0.6952886465043574
DL-ML,CLsys,177,1.14,0.2953242400628572,-1.948662142273057
DL-ML,CLsys,184,0.084,0.06827917385142857,-0.2989437254082548
DL-ML,CLsys,295,0.438,0.42095127110714287,-0.057277631786317326
DL-ML,CLsys,308,0.15,0.72003780395,2.263110153249666
DL-ML,CLsys,323,0.5850000000000001,0.13376212736857143,-2.12876692719091
DL-ML,CLsys,332,0.1158,0.28293793010714285,1.2888503412556462
DL-ML,CLsys,366,0.66,0.5891563078614286,-0.16381558114573053
DL-ML,CLsys,394,0.102,0.016213738722857144,-2.6532804470987865
DL-ML,CLsys,413,0.84,0.5033349650814286,-0.7388705071329784
DL-ML,CLsys,471,0.336,0.45735916613,0.44486633202079157
DL-ML,CLsys,488,0.0474,0.026255302172857143,-0.8522782593524941
DL-ML,CLsys,637,0.78,0.5849131112628572,-0.41525179545042923
DL-ML,CLsys,674,0.30600000000000005,0.2680815813342857,-0.1908595512047014
DL-ML,CLsys,703,0.264,0.14281942457,-0.886345718949212
DL-ML,CLsys,739,0.060000000000000005,0.08968783471142856,0.5799498100450352
DL-ML,CLsys,781,0.44399999999999995,0.43965432095714285,-0.014190028837100317
DL-ML,CLsys,787,0.126,0.23875488632857142,0.9221065257472185
DL-ML,CLsys,800,0.724285714,0.3285964062785714,-1.1402422172671143
DL-ML,CLsys,811,0.318,0.3311179013528571,0.05831824430366866
DL-ML,CLsys,832,0.040799999999999996,0.13709321125571428,1.7485160744918407
DL-ML,CLsys,875,0.438,0.60397174142,0.46355018060643755
DL-ML,CLsys,907,0.348,0.26855821692285714,-0.3738524425865047
DL-ML,CLsys,938,1.0799999999999998,0.09774173868857143,-3.465912733827407
DL-ML,CLsys,963,1.26,0.30376439955,-2.0523990292209424
DL-ML,CLsys,967,0.00378,0.14327050378285713,5.244211576607687
DL-ML,CLsys,973,0.0222,0.006549349324285715,-1.7611361889738424
DL-ML,CLsys,1001,0.258,0.24088541295,-0.09902403322562606
DL-ML,CLsys,1009,0.84,0.5088549713457143,-0.72313479523305
DL-ML,CLsys,1018,0.015000000000000001,0.12094608190857142,3.0113296276210266
DL-ML,CLsys,1041,0.24000000000000002,0.16537298345857143,-0.5373108412999477
DL-ML,CLsys,1094,0.039,0.09311144094857143,1.2554843239988829
DL-ML,CLsys,1095,0.66,0.24375198473285714,-1.4370520585212814
DL-ML,CLsys,1197,0.186,0.20060029220285713,0.10902108610884016
DL-ML,CLsys,1245,0.0126,0.008906923311428571,-0.5004246561114561
DL-ML,CLsys,1293,0.0294,0.07599250839142857,1.3700410445568554
DL-ML,CLsys,1300,1.0799999999999998,0.6341492898785714,-0.7681368911805233
DL-ML,CLsys,1319,0.498,0.06427275253857143,-2.953866578767394
DL-ML,CLsys,1323,0.0033,0.023968460392857143,2.8605993112795405
DL-ML,CLsys,1341,1.5,0.3379369764371428,-2.150136379454557
