compound_id,cmax_v0,cmax_v1,rmse_v0,rmse_v1,nrmse_v0,nrmse_v1,tmpl,d_cmax,d_rmse,d_nrmse
52,-0.19136,-0.07747,0.03421,0.08202,0.03333,0.07991,minimal,-0.11389,-0.04781,-0.04658
172,0.19922,-0.00666,0.24077,0.12008,0.18091,0.09023,minimal,0.20588,0.12069,0.09068
177,-1.06975,-3.10512,0.27910,0.37300,0.13632,0.18219,minimal,2.03537,-0.09390,-0.04587
184,0.32923,-0.06509,0.17053,0.09101,0.16136,0.08612,minimal,0.39432,0.07952,0.07525
295,-0.60765,-0.18614,0.16575,0.20307,0.08924,0.10933,minimal,-0.42151,-0.03732,-0.02009
308,-1.40078,-1.11404,0.35687,0.53556,0.18212,0.27330,minimal,-0.28674,-0.17869,-0.09119
323,-1.02845,-1.34429,0.18023,0.57343,0.10684,0.27361,full,0.31584,-0.39320,-0.16676
332,-0.00728,-0.88361,0.10499,0.34293,0.12114,0.39568,full,0.87633,-0.23795,-0.27454
366,-1.06809,-0.39651,0.38703,0.31934,0.35385,0.29196,minimal,-0.67158,0.06769,0.06189
394,-1.22616,-2.02701,0.46492,0.30240,0.56684,0.36869,full,0.80085,0.16252,0.19814
413,-1.45077,-2.01470,0.43189,0.73280,0.16729,0.28384,full,0.56392,-0.30091,-0.11655
471,-0.35943,-0.49231,0.59478,0.30725,0.37626,0.19436,minimal,0.13288,0.28754,0.18190
488,-0.45507,-0.66555,0.39204,0.46197,0.20586,0.24258,full,0.21048,-0.06993,-0.03672
637,-0.58399,-0.30495,0.18646,0.21900,0.10317,0.12117,minimal,-0.27904,-0.03254,-0.01801
674,-0.22169,-1.46245,0.75366,0.41204,0.37725,0.20625,minimal,1.24076,0.34161,0.17100
703,0.84230,0.49568,0.51823,0.34648,0.20814,0.13916,full,0.34662,0.17174,0.06898
739,0.35442,-1.08220,0.11951,0.10781,0.11171,0.10077,full,1.43662,0.01170,0.01094
781,-0.24418,-0.18307,0.08967,0.27198,0.03667,0.11123,full,-0.06112,-0.18230,-0.07456
787,-1.28403,-1.07689,1.33319,0.41419,0.55961,0.17386,full,-0.20713,0.91900,0.38575
800,-0.18309,0.06837,0.18070,0.18797,0.19207,0.19980,minimal,-0.25146,-0.00727,-0.00773
811,-0.11869,-0.72113,0.08666,0.28055,0.05147,0.16663,minimal,0.60244,-0.19389,-0.11516
832,-0.13414,-1.52520,1.13124,1.01561,0.26259,0.23575,minimal,1.39105,0.11563,0.02684
875,0.84701,0.07101,0.12839,0.14321,0.10551,0.11769,full,0.77600,-0.01482,-0.01218
907,-1.03392,-0.24078,0.27193,0.13515,0.20203,0.09462,full,-0.79315,0.13679,0.10741
938,-1.23599,-1.58153,0.24882,0.18353,0.18905,0.13944,minimal,0.34554,0.06529,0.04961
963,-0.34363,-0.22950,0.28623,0.09365,0.21839,0.07145,minimal,-0.11413,0.19258,0.14693
967,-0.31036,-0.12351,0.05109,0.08956,,,minimal,-0.18685,-0.03847,
973,-0.28380,-0.08463,0.05759,0.13632,0.13252,0.30282,minimal,-0.19917,-0.07873,-0.17030
1001,2.00972,0.85936,0.56829,0.36185,1.18932,0.75729,full,1.15037,0.20644,0.43203
1009,-0.70196,-0.60659,0.37741,0.28129,0.18751,0.13976,full,-0.09537,0.09611,0.04775
1018,0.15244,-0.07034,0.08287,0.02299,0.15776,0.04377,full,0.22278,0.05988,0.11399
1041,0.22539,-0.20534,0.10178,0.17803,0.07455,0.13040,minimal,0.43073,-0.07625,-0.05585
1094,0.63060,0.25565,0.27842,0.17992,0.21115,0.13645,full,0.37494,0.09850,0.07470
1095,0.16894,-0.03815,0.25352,0.44118,0.10070,0.17524,full,0.20709,-0.18766,-0.07454
1197,-0.58658,-1.49096,0.11621,0.31062,0.05225,0.13965,full,0.90439,-0.19440,-0.08740
1245,-0.31040,-0.44502,0.30045,0.31374,0.15373,0.16053,minimal,0.13462,-0.01330,-0.00680
1293,-2.46297,-3.42131,0.48329,0.62615,0.30115,0.39016,full,0.95834,-0.14286,-0.08902
1300,0.74104,-0.22770,0.23639,0.35830,0.14122,0.21405,full,0.96875,-0.12191,-0.07283
1319,0.07759,-0.74587,0.12108,0.32331,0.06654,0.17768,minimal,0.82346,-0.20223,-0.11113
1323,-0.86021,-0.99735,0.33360,0.33786,0.21830,0.22109,minimal,0.13714,-0.00426,-0.00279
1341,0.37723,-0.17723,0.17429,0.18767,0.11848,0.12809,full,0.55446,-0.01338,-0.00961
