endpoint,run_id,step,estimate,ci_low,ci_high,p,p_holm
fe_auc_abs,s1_run1,S+ physicochemical inputs,0.00010,-0.00021,0.00692,0.46417,0.85150
fe_auc_abs,s1_run2,+ S+ Fu,0.00010,-0.00016,0.00692,0.42575,0.85150
fe_auc_abs,s1_run3,+ S+ VDss,0.05353,-0.03057,0.13473,0.24639,0.73917
fe_auc_abs,h2_run4,+ DL–ML total CL,0.66911,0.42701,0.94939,0.00000,0.00000
fe_auc_abs,h1_run0_noCLr,"+ S+ CLint, renal CL = 0",0.71325,0.29431,1.08789,0.00006,0.00024
fe_auc_abs,h2_run0,"+ DL–ML Fu, VDss",0.71729,0.45020,0.99044,0.00000,0.00000
fe_cmax_abs,s1_run1,S+ physicochemical inputs,-0.00018,-0.00144,0.00062,0.60783,1.00000
fe_cmax_abs,s1_run2,+ S+ Fu,-0.00014,-0.00144,0.00054,0.65348,1.00000
fe_cmax_abs,s1_run3,+ S+ VDss,0.18977,-0.04125,0.40511,0.09750,0.38950
fe_cmax_abs,h2_run4,+ DL–ML total CL,0.24898,-0.02045,0.47851,0.07790,0.38950
fe_cmax_abs,h1_run0_noCLr,"+ S+ CLint, renal CL = 0",0.22017,-0.04189,0.46448,0.09486,0.38950
fe_cmax_abs,h2_run0,"+ DL–ML Fu, VDss",0.35732,0.04433,0.72456,0.03598,0.21588
