Drug,Fu,pKa1,pKa2,CompoundType,LogP,bp,HBAValue,HBDValue,Mole_Wh,DistributionModel,KpPredictionMethod,VssSwitch,VD,VD_sd,ClearanceSwitch,CL_MetBas,CL_MetBas_Var,CLRbase
52,0.128176383,2.65,0,3,3.927,0.794,3,0,308.8,0,0,0,0.7462035812,50,0,12.1259694648,50,0
172,0.162559478,9.12,0,3,1.874,0.98,3,2,261.36,0,0,0,1.5168278954,50,0,23.0853550747,50,0
177,0.1681493942,10.01,8.21,5,4.317,0.774,5,2,467.64,0,0,0,2.9823659684,50,0,20.6726968044,50,0
184,0.5385001133,1.43,0,3,0.082,0.863,3,0,194.19,0,0,0,0.6667796181,50,0,4.7795421696,50,0
295,0.176959096,8.21,0,3,-0.37,0.742,14,4,748,0,0,0,4.6748153888,50,0,29.4665889775,50,0
308,0.0758660434,7.67,0,3,3.095,0.966,4,1,326.8,0,0,0,15.4115918522,50,0,50.4026462765,50,0
323,0.1056808666,9.63,5.05,1,3.771,0.875,5,2,450.34,0,0,0,9.4192633639,50,0,9.3633489158,50,0
332,0.3316097995,3.21,12.19,5,0.975,0.807,9,4,471.5,0,0,0,1.3275757322,50,0,19.8056551075,50,0
366,0.1371851258,9.69,0,3,3.644,1.072,2,1,266.4,0,0,0,9.235127039,50,0,41.2409415503,50,0
394,0.1762768548,0,0,4,0.551,0.725,14,6,780.94,0,0,0,0.5286649134,50,0,1.1349617106,50,0
413,0.0523595698,0,0,4,0.459,0.649,15,5,807.89,0,0,0,11.8257144749,50,0,35.2334475557,50,0
471,0.2176192489,8.23,0,3,-0.545,0.765,14,5,733.9,0,0,0,4.3058184169,50,0,32.0151416291,50,0
488,0.0350190178,4.34,0,3,2.121,0.73,4,0,358.8,0,0,0,0.4980294974,50,0,1.8378711521,50,0
637,0.107015601,9.04,0,3,3.876,0.962,2,0,280.4,0,0,0,8.8962969947,50,0,40.9439177884,50,0
674,0.0103718044,3.78,0,3,4.179,0.644,9,0,705.6,0,0,0,3.1427655507,50,0,18.7657106934,50,0
703,0.0201924311,3.69,0,3,1.268,0.644,4,1,369.4,0,0,0,0.6065902983,50,0,9.9973597199,50,0
739,0.0400812563,11.29,1.52,5,2.953,0.894,4,2,321.16,0,0,0,0.8477725042,50,0,6.2781484298,50,0
781,0.585524399,10.81,0,3,-0.329,1.258,5,4,129.16,0,0,0,2.0078041012,50,0,30.775802467,50,0
787,0.2822579767,4.4,3.53,0,-0.313,0.661,13,5,454.44,0,0,0,0.6789946807,50,0,16.712842043,50,0
800,0.655456979,9.59,0,3,1.653,0.935,4,2,267.4,0,0,0,2.3514334451,50,0,23.0017484395,50,0
811,0.0669878305,5.28,0,3,3.864,0.752,2,0,325.8,0,0,0,1.6029476126,50,0,23.1782530947,50,0
832,0.0037485786,4.83,0,2,5.252,0.614,4,2,586.2,0,0,0,0.8599764946,50,0,9.5965247879,50,0
875,0.0235123391,0,0,0,1.258,0.942,7,1,346.3,0,0,0,3.3830125664,50,0,42.2780218994,50,0
907,0.1725703786,7.11,0,3,1.981,0.844,2,0,293.4,0,0,0,1.4059695339,50,0,18.7990751846,50,0
938,0.0656121592,9.6,0,3,3.289,0.906,4,1,329.4,0,0,0,6.1143453096,50,0,6.8419217082,50,0
963,0.4650544399,0,0,0,1.68,0.907,3,1,179.22,0,0,0,1.0062072171,50,0,21.2635079685,50,0
967,0.4682043378,7.3,0,2,1.185,0.796,5,2,232.24,0,0,0,0.7773850117,50,0,10.0289352648,50,0
973,0.1931863241,8.15,0,2,2.201,0.951,4,2,252.28,0,0,0,0.6085406415,50,0,0.4584544527,50,0
1001,0.0245968443,3.69,2.81,1,3.948,0.639,9,1,700.8,0,0,0,4.9312658107,50,0,16.8619789065,50,0
1009,0.3556219352,4.83,0,2,1.242,0.635,7,4,424.53,0,0,0,0.5639760078,50,0,35.6198479942,50,0
1018,0.505979257,3.65,0,2,1.573,0.626,5,1,285.36,0,0,0,0.236010118,50,0,8.4662257336,50,0
1041,0.2117595488,7.79,4.14,1,2.192,0.893,4,1,324.4,0,0,0,2.5383804659,50,0,11.5761088421,50,0
1094,0.0089729813,7.14,5.86,5,1.501,0.651,6,1,357.427,0,0,0,1.169173965,50,0,6.5178008664,50,0
1095,0.0661647333,4.54,0,2,1.601,0.608,9,3,481.54,0,0,0,0.4718270255,50,0,17.0626389313,50,0
1197,0.6888598583,1.77,6.64,0,-1.118,0.778,8,3,287.21,0,0,0,0.4051274039,50,0,14.0420204542,50,0
1245,0.0581606162,5.21,0,2,1.845,0.641,5,2,270.3,0,0,0,0.1831872209,50,0,0.6234846318,50,0
1293,0.0095152123,3.57,4.46,0,3.34,0.621,7,2,435.52,0,0,0,0.1879927907,50,0,5.3194755874,50,0
1300,0.1697781058,8.43,0,3,3.23,0.653,6,0,454.6,0,0,0,3.3016120049,50,0,44.3904502915,50,0
1319,0.3773075747,2.42,0,3,2.463,0.873,5,1,349.31,0,0,0,1.3829898858,50,0,4.4990926777,50,0
1323,0.0075472687,5.09,0,2,2.332,0.656,4,1,308.3,0,0,0,0.2864062823,50,0,1.6777922275,50,0
1341,0.0560050225,9.45,0,2,-0.246,0.888,6,2,267.24,0,0,0,0.5945120368,50,0,23.6555883506,50,0
