Drug,Fu,VD,VD_sd,ClearanceSwitch,CL_MetBas,CL_MetBas_Var,CLRbase
52,0.29,0.8,50,0,3.108,50,0
172,0.19,1.7,50,0,37.38,50,0
177,0.04,4.9,50,0,79.8,50,0
184,0.64,0.63,50,0,5.88,50,0
295,0.23,1.5,50,0,30.66,50,0
308,0.055,1.6,50,0,10.5,50,0
323,0.09,22.15,50,0,40.95,50,0
332,0.65,0.85,50,0,8.106,50,0
366,0.16,15,50,0,46.2,50,0
394,0.7,4.1,50,0,7.14,50,0
413,0.04,2.1,50,0,58.8,50,0
471,0.1,0.95,50,0,23.52,50,0
488,0.081,1.5,50,0,3.318,50,0
637,0.075,12,50,0,54.6,50,0
674,0.002,7.4,50,0,21.42,50,0
703,0.021,0.28,50,0,18.48,50,0
739,0.09,1.3,50,0,4.2,50,0
781,1,0.64,50,0,31.08,50,0
787,0.37,0.43,50,0,8.82,50,0
800,0.88,2.878571429,50,0,50.69999998,50,0
811,0.017,1.1,50,0,22.26,50,0
832,0.002,0.15,50,0,2.856,50,0
875,0.044,0.79,50,0,30.66,50,0
907,0.27,1.8,50,0,24.36,50,0
938,0.06,18,50,0,75.6,50,0
963,0.47,1.4,50,0,88.2,50,0
967,0.49,0.54,50,0,0.2646,50,0
973,0.13,0.43,50,0,1.554,50,0
1001,0.013,3.8,50,0,18.06,50,0
1009,0.5,0.46,50,0,58.8,50,0
1018,0.13,0.13,50,0,1.05,50,0
1041,0.26,2.9,50,0,16.8,50,0
1094,0.002,0.2,50,0,2.73,50,0
1095,0.12,1.7,50,0,46.2,50,0
1197,0.93,0.83,50,0,13.02,50,0
1245,0.05,0.12,50,0,0.882,50,0
1293,0.04,0.22,50,0,2.058,50,0
1300,0.093,3.7,50,0,75.6,50,0
1319,0.42,2.2,50,0,34.86,50,0
1323,0.015,0.13,50,0,0.231,50,0
1341,0.8,1.8,50,0,105,50,0
