run_id,Drug,parameter,intended,applied,ok
h1_run0,52,Fu,0.0664824965,0.0664824965,TRUE
h1_run0,52,pKa1,2.65,2.65,TRUE
h1_run0,52,pKa2,0,0,TRUE
h1_run0,52,CompoundType,3,3,TRUE
h1_run0,52,LogP,3.927,3.927,TRUE
h1_run0,52,bp,0.794,0.794,TRUE
h1_run0,52,HBAValue,3,3,TRUE
h1_run0,52,HBDValue,0,0,TRUE
h1_run0,52,Mole_Wh,308.8,308.8,TRUE
h1_run0,52,DistributionModel,0,0,TRUE
h1_run0,52,KpPredictionMethod,0,0,TRUE
h1_run0,52,VssSwitch,0,0,TRUE
h1_run0,52,VD,1.04444924,1.04444924,TRUE
h1_run0,52,VD_sd,50,50,TRUE
h1_run0,52,ClearanceSwitch,1,1,TRUE
h1_run0,52,WOMC_CLintType1,2,2,TRUE
h1_run0,52,WOMC_MicrosomeCLintValue1,18.31176037,18.31176037,TRUE
h1_run0,52,WOMC_MicrosomeFUinc11,1,1,TRUE
h1_run0,52,WOMC_HepatocyteCLintValue,0,0,TRUE
h1_run0,172,Fu,0.2226881493,0.2226881493,TRUE
h1_run0,172,pKa1,9.12,9.12,TRUE
h1_run0,172,pKa2,0,0,TRUE
h1_run0,172,CompoundType,3,3,TRUE
h1_run0,172,LogP,1.874,1.874,TRUE
h1_run0,172,bp,0.98,0.98,TRUE
h1_run0,172,HBAValue,3,3,TRUE
h1_run0,172,HBDValue,2,2,TRUE
h1_run0,172,Mole_Wh,261.36,261.36,TRUE
h1_run0,172,DistributionModel,0,0,TRUE
h1_run0,172,KpPredictionMethod,0,0,TRUE
h1_run0,172,VssSwitch,0,0,TRUE
h1_run0,172,VD,2.81424697,2.81424697,TRUE
h1_run0,172,VD_sd,50,50,TRUE
h1_run0,172,ClearanceSwitch,1,1,TRUE
h1_run0,172,WOMC_CLintType1,2,2,TRUE
h1_run0,172,WOMC_MicrosomeCLintValue1,42.08041303,42.08041303,TRUE
h1_run0,172,WOMC_MicrosomeFUinc11,1,1,TRUE
h1_run0,172,WOMC_HepatocyteCLintValue,0,0,TRUE
h1_run0,177,Fu,0.131895392,0.131895392,TRUE
h1_run0,177,pKa1,10.01,10.01,TRUE
h1_run0,177,pKa2,8.21,8.21,TRUE
h1_run0,177,CompoundType,5,5,TRUE
h1_run0,177,LogP,4.317,4.317,TRUE
h1_run0,177,bp,0.774,0.774,TRUE
h1_run0,177,HBAValue,5,5,TRUE
h1_run0,177,HBDValue,2,2,TRUE
h1_run0,177,Mole_Wh,467.64,467.64,TRUE
h1_run0,177,DistributionModel,0,0,TRUE
h1_run0,177,KpPredictionMethod,0,0,TRUE
h1_run0,177,VssSwitch,0,0,TRUE
h1_run0,177,VD,3.74827487,3.74827487,TRUE
h1_run0,177,VD_sd,50,50,TRUE
h1_run0,177,ClearanceSwitch,1,1,TRUE
h1_run0,177,WOMC_CLintType1,2,2,TRUE
h1_run0,177,WOMC_MicrosomeCLintValue1,223.58226821,223.58226821,TRUE
h1_run0,177,WOMC_MicrosomeFUinc11,1,1,TRUE
h1_run0,177,WOMC_HepatocyteCLintValue,0,0,TRUE
h1_run0,184,Fu,0.8246744935,0.8246744935,TRUE
h1_run0,184,pKa1,1.43,1.43,TRUE
h1_run0,184,pKa2,0,0,TRUE
h1_run0,184,CompoundType,3,3,TRUE
h1_run0,184,LogP,0.082,0.082,TRUE
h1_run0,184,bp,0.863,0.863,TRUE
h1_run0,184,HBAValue,3,3,TRUE
h1_run0,184,HBDValue,0,0,TRUE
h1_run0,184,Mole_Wh,194.19,194.19,TRUE
h1_run0,184,DistributionModel,0,0,TRUE
h1_run0,184,KpPredictionMethod,0,0,TRUE
h1_run0,184,VssSwitch,0,0,TRUE
h1_run0,184,VD,0.96334116,0.96334116,TRUE
h1_run0,184,VD_sd,50,50,TRUE
h1_run0,184,ClearanceSwitch,1,1,TRUE
h1_run0,184,WOMC_CLintType1,2,2,TRUE
h1_run0,184,WOMC_MicrosomeCLintValue1,13.60276895,13.60276895,TRUE
h1_run0,184,WOMC_MicrosomeFUinc11,1,1,TRUE
h1_run0,184,WOMC_HepatocyteCLintValue,0,0,TRUE
h1_run0,295,Fu,0.5092259201,0.5092259201,TRUE
h1_run0,295,pKa1,8.21,8.21,TRUE
h1_run0,295,pKa2,0,0,TRUE
h1_run0,295,CompoundType,3,3,TRUE
h1_run0,295,LogP,-0.37,-0.37,TRUE
h1_run0,295,bp,0.742,0.742,TRUE
h1_run0,295,HBAValue,14,14,TRUE
h1_run0,295,HBDValue,4,4,TRUE
h1_run0,295,Mole_Wh,748,748,TRUE
h1_run0,295,DistributionModel,0,0,TRUE
h1_run0,295,KpPredictionMethod,0,0,TRUE
h1_run0,295,VssSwitch,0,0,TRUE
h1_run0,295,VD,2.81400379,2.81400379,TRUE
h1_run0,295,VD_sd,50,50,TRUE
h1_run0,295,ClearanceSwitch,1,1,TRUE
h1_run0,295,WOMC_CLintType1,2,2,TRUE
h1_run0,295,WOMC_MicrosomeCLintValue1,93.66156856,93.66156856,TRUE
h1_run0,295,WOMC_MicrosomeFUinc11,1,1,TRUE
h1_run0,295,WOMC_HepatocyteCLintValue,0,0,TRUE
h1_run0,308,Fu,0.070630508,0.070630508,TRUE
h1_run0,308,pKa1,7.67,7.67,TRUE
h1_run0,308,pKa2,0,0,TRUE
h1_run0,308,CompoundType,3,3,TRUE
h1_run0,308,LogP,3.095,3.095,TRUE
h1_run0,308,bp,0.966,0.966,TRUE
h1_run0,308,HBAValue,4,4,TRUE
h1_run0,308,HBDValue,1,1,TRUE
h1_run0,308,Mole_Wh,326.8,326.8,TRUE
h1_run0,308,DistributionModel,0,0,TRUE
h1_run0,308,KpPredictionMethod,0,0,TRUE
h1_run0,308,VssSwitch,0,0,TRUE
h1_run0,308,VD,6.21052072,6.21052072,TRUE
h1_run0,308,VD_sd,50,50,TRUE
h1_run0,308,ClearanceSwitch,1,1,TRUE
h1_run0,308,WOMC_CLintType1,2,2,TRUE
h1_run0,308,WOMC_MicrosomeCLintValue1,32.09657739,32.09657739,TRUE
h1_run0,308,WOMC_MicrosomeFUinc11,1,1,TRUE
h1_run0,308,WOMC_HepatocyteCLintValue,0,0,TRUE
h1_run0,323,Fu,0.0987242805,0.0987242805,TRUE
h1_run0,323,pKa1,9.63,9.63,TRUE
h1_run0,323,pKa2,5.05,5.05,TRUE
h1_run0,323,CompoundType,1,1,TRUE
h1_run0,323,LogP,3.771,3.771,TRUE
h1_run0,323,bp,0.875,0.875,TRUE
h1_run0,323,HBAValue,5,5,TRUE
h1_run0,323,HBDValue,2,2,TRUE
h1_run0,323,Mole_Wh,450.34,450.34,TRUE
h1_run0,323,DistributionModel,0,0,TRUE
h1_run0,323,KpPredictionMethod,0,0,TRUE
h1_run0,323,VssSwitch,0,0,TRUE
h1_run0,323,VD,7.55976081,7.55976081,TRUE
h1_run0,323,VD_sd,50,50,TRUE
h1_run0,323,ClearanceSwitch,1,1,TRUE
h1_run0,323,WOMC_CLintType1,2,2,TRUE
h1_run0,323,WOMC_MicrosomeCLintValue1,47.3716042,47.3716042,TRUE
h1_run0,323,WOMC_MicrosomeFUinc11,1,1,TRUE
h1_run0,323,WOMC_HepatocyteCLintValue,0,0,TRUE
h1_run0,332,Fu,0.2794767387,0.2794767387,TRUE
h1_run0,332,pKa1,3.21,3.21,TRUE
h1_run0,332,pKa2,12.19,12.19,TRUE
h1_run0,332,CompoundType,5,5,TRUE
h1_run0,332,LogP,0.975,0.975,TRUE
h1_run0,332,bp,0.807,0.807,TRUE
h1_run0,332,HBAValue,9,9,TRUE
h1_run0,332,HBDValue,4,4,TRUE
h1_run0,332,Mole_Wh,471.5,471.5,TRUE
h1_run0,332,DistributionModel,0,0,TRUE
h1_run0,332,KpPredictionMethod,0,0,TRUE
h1_run0,332,VssSwitch,0,0,TRUE
h1_run0,332,VD,0.56509287,0.56509287,TRUE
h1_run0,332,VD_sd,50,50,TRUE
h1_run0,332,ClearanceSwitch,1,1,TRUE
h1_run0,332,WOMC_CLintType1,2,2,TRUE
h1_run0,332,WOMC_MicrosomeCLintValue1,6.32158278,6.32158278,TRUE
h1_run0,332,WOMC_MicrosomeFUinc11,1,1,TRUE
h1_run0,332,WOMC_HepatocyteCLintValue,0,0,TRUE
h1_run0,366,Fu,0.1232749457,0.1232749457,TRUE
h1_run0,366,pKa1,9.69,9.69,TRUE
h1_run0,366,pKa2,0,0,TRUE
h1_run0,366,CompoundType,3,3,TRUE
h1_run0,366,LogP,3.644,3.644,TRUE
h1_run0,366,bp,1.072,1.072,TRUE
h1_run0,366,HBAValue,2,2,TRUE
h1_run0,366,HBDValue,1,1,TRUE
h1_run0,366,Mole_Wh,266.4,266.4,TRUE
h1_run0,366,DistributionModel,0,0,TRUE
h1_run0,366,KpPredictionMethod,0,0,TRUE
h1_run0,366,VssSwitch,0,0,TRUE
h1_run0,366,VD,7.88532011,7.88532011,TRUE
h1_run0,366,VD_sd,50,50,TRUE
h1_run0,366,ClearanceSwitch,1,1,TRUE
h1_run0,366,WOMC_CLintType1,2,2,TRUE
h1_run0,366,WOMC_MicrosomeCLintValue1,82.06376545,82.06376545,TRUE
h1_run0,366,WOMC_MicrosomeFUinc11,1,1,TRUE
h1_run0,366,WOMC_HepatocyteCLintValue,0,0,TRUE
h1_run0,394,Fu,0.2447660142,0.2447660142,TRUE
h1_run0,394,pKa1,0,0,TRUE
h1_run0,394,pKa2,0,0,TRUE
h1_run0,394,CompoundType,4,4,TRUE
h1_run0,394,LogP,0.551,0.551,TRUE
h1_run0,394,bp,0.725,0.725,TRUE
h1_run0,394,HBAValue,14,14,TRUE
h1_run0,394,HBDValue,6,6,TRUE
h1_run0,394,Mole_Wh,780.94,780.94,TRUE
h1_run0,394,DistributionModel,0,0,TRUE
h1_run0,394,KpPredictionMethod,0,0,TRUE
h1_run0,394,VssSwitch,0,0,TRUE
h1_run0,394,VD,0.78786603,0.78786603,TRUE
h1_run0,394,VD_sd,50,50,TRUE
h1_run0,394,ClearanceSwitch,1,1,TRUE
h1_run0,394,WOMC_CLintType1,2,2,TRUE
h1_run0,394,WOMC_MicrosomeCLintValue1,21.24522301,21.24522301,TRUE
h1_run0,394,WOMC_MicrosomeFUinc11,1,1,TRUE
h1_run0,394,WOMC_HepatocyteCLintValue,0,0,TRUE
h1_run0,413,Fu,0.0737192269,0.0737192269,TRUE
h1_run0,413,pKa1,0,0,TRUE
h1_run0,413,pKa2,0,0,TRUE
h1_run0,413,CompoundType,4,4,TRUE
h1_run0,413,LogP,0.459,0.459,TRUE
h1_run0,413,bp,0.649,0.649,TRUE
h1_run0,413,HBAValue,15,15,TRUE
h1_run0,413,HBDValue,5,5,TRUE
h1_run0,413,Mole_Wh,807.89,807.89,TRUE
h1_run0,413,DistributionModel,0,0,TRUE
h1_run0,413,KpPredictionMethod,0,0,TRUE
h1_run0,413,VssSwitch,0,0,TRUE
h1_run0,413,VD,3.33861058,3.33861058,TRUE
h1_run0,413,VD_sd,50,50,TRUE
h1_run0,413,ClearanceSwitch,1,1,TRUE
h1_run0,413,WOMC_CLintType1,2,2,TRUE
h1_run0,413,WOMC_MicrosomeCLintValue1,289.30113634,289.30113634,TRUE
h1_run0,413,WOMC_MicrosomeFUinc11,1,1,TRUE
h1_run0,413,WOMC_HepatocyteCLintValue,0,0,TRUE
h1_run0,471,Fu,0.5683161875,0.5683161875,TRUE
h1_run0,471,pKa1,8.23,8.23,TRUE
h1_run0,471,pKa2,0,0,TRUE
h1_run0,471,CompoundType,3,3,TRUE
h1_run0,471,LogP,-0.545,-0.545,TRUE
h1_run0,471,bp,0.765,0.765,TRUE
h1_run0,471,HBAValue,14,14,TRUE
h1_run0,471,HBDValue,5,5,TRUE
h1_run0,471,Mole_Wh,733.9,733.9,TRUE
h1_run0,471,DistributionModel,0,0,TRUE
h1_run0,471,KpPredictionMethod,0,0,TRUE
h1_run0,471,VssSwitch,0,0,TRUE
h1_run0,471,VD,2.75795401,2.75795401,TRUE
h1_run0,471,VD_sd,50,50,TRUE
h1_run0,471,ClearanceSwitch,1,1,TRUE
h1_run0,471,WOMC_CLintType1,2,2,TRUE
h1_run0,471,WOMC_MicrosomeCLintValue1,69.60206596,69.60206596,TRUE
h1_run0,471,WOMC_MicrosomeFUinc11,1,1,TRUE
h1_run0,471,WOMC_HepatocyteCLintValue,0,0,TRUE
h1_run0,488,Fu,0.0787503099,0.0787503099,TRUE
h1_run0,488,pKa1,4.34,4.34,TRUE
h1_run0,488,pKa2,0,0,TRUE
h1_run0,488,CompoundType,3,3,TRUE
h1_run0,488,LogP,2.121,2.121,TRUE
h1_run0,488,bp,0.73,0.73,TRUE
h1_run0,488,HBAValue,4,4,TRUE
h1_run0,488,HBDValue,0,0,TRUE
h1_run0,488,Mole_Wh,358.8,358.8,TRUE
h1_run0,488,DistributionModel,0,0,TRUE
h1_run0,488,KpPredictionMethod,0,0,TRUE
h1_run0,488,VssSwitch,0,0,TRUE
h1_run0,488,VD,0.86989867,0.86989867,TRUE
h1_run0,488,VD_sd,50,50,TRUE
h1_run0,488,ClearanceSwitch,1,1,TRUE
h1_run0,488,WOMC_CLintType1,2,2,TRUE
h1_run0,488,WOMC_MicrosomeCLintValue1,18.82351574,18.82351574,TRUE
h1_run0,488,WOMC_MicrosomeFUinc11,1,1,TRUE
h1_run0,488,WOMC_HepatocyteCLintValue,0,0,TRUE
h1_run0,637,Fu,0.133013336,0.133013336,TRUE
h1_run0,637,pKa1,9.04,9.04,TRUE
h1_run0,637,pKa2,0,0,TRUE
h1_run0,637,CompoundType,3,3,TRUE
h1_run0,637,LogP,3.876,3.876,TRUE
h1_run0,637,bp,0.962,0.962,TRUE
h1_run0,637,HBAValue,2,2,TRUE
h1_run0,637,HBDValue,0,0,TRUE
h1_run0,637,Mole_Wh,280.4,280.4,TRUE
h1_run0,637,DistributionModel,0,0,TRUE
h1_run0,637,KpPredictionMethod,0,0,TRUE
h1_run0,637,VssSwitch,0,0,TRUE
h1_run0,637,VD,7.66582382,7.66582382,TRUE
h1_run0,637,VD_sd,50,50,TRUE
h1_run0,637,ClearanceSwitch,1,1,TRUE
h1_run0,637,WOMC_CLintType1,2,2,TRUE
h1_run0,637,WOMC_MicrosomeCLintValue1,173.46098926,173.46098926,TRUE
h1_run0,637,WOMC_MicrosomeFUinc11,1,1,TRUE
h1_run0,637,WOMC_HepatocyteCLintValue,0,0,TRUE
h1_run0,674,Fu,0.0163888689,0.0163888689,TRUE
h1_run0,674,pKa1,3.78,3.78,TRUE
h1_run0,674,pKa2,0,0,TRUE
h1_run0,674,CompoundType,3,3,TRUE
h1_run0,674,LogP,4.179,4.179,TRUE
h1_run0,674,bp,0.644,0.644,TRUE
h1_run0,674,HBAValue,9,9,TRUE
h1_run0,674,HBDValue,0,0,TRUE
h1_run0,674,Mole_Wh,705.6,705.6,TRUE
h1_run0,674,DistributionModel,0,0,TRUE
h1_run0,674,KpPredictionMethod,0,0,TRUE
h1_run0,674,VssSwitch,0,0,TRUE
h1_run0,674,VD,1.90486144,1.90486144,TRUE
h1_run0,674,VD_sd,50,50,TRUE
h1_run0,674,ClearanceSwitch,1,1,TRUE
h1_run0,674,WOMC_CLintType1,2,2,TRUE
h1_run0,674,WOMC_MicrosomeCLintValue1,556.16588124,556.16588124,TRUE
h1_run0,674,WOMC_MicrosomeFUinc11,1,1,TRUE
h1_run0,674,WOMC_HepatocyteCLintValue,0,0,TRUE
h1_run0,703,Fu,0.0729008483,0.0729008483,TRUE
h1_run0,703,pKa1,3.69,3.69,TRUE
h1_run0,703,pKa2,0,0,TRUE
h1_run0,703,CompoundType,3,3,TRUE
h1_run0,703,LogP,1.268,1.268,TRUE
h1_run0,703,bp,0.644,0.644,TRUE
h1_run0,703,HBAValue,4,4,TRUE
h1_run0,703,HBDValue,1,1,TRUE
h1_run0,703,Mole_Wh,369.4,369.4,TRUE
h1_run0,703,DistributionModel,0,0,TRUE
h1_run0,703,KpPredictionMethod,0,0,TRUE
h1_run0,703,VssSwitch,0,0,TRUE
h1_run0,703,VD,0.64069361,0.64069361,TRUE
h1_run0,703,VD_sd,50,50,TRUE
h1_run0,703,ClearanceSwitch,1,1,TRUE
h1_run0,703,WOMC_CLintType1,2,2,TRUE
h1_run0,703,WOMC_MicrosomeCLintValue1,15.7486918,15.7486918,TRUE
h1_run0,703,WOMC_MicrosomeFUinc11,1,1,TRUE
h1_run0,703,WOMC_HepatocyteCLintValue,0,0,TRUE
h1_run0,739,Fu,0.0918783405,0.0918783405,TRUE
h1_run0,739,pKa1,11.29,11.29,TRUE
h1_run0,739,pKa2,1.52,1.52,TRUE
h1_run0,739,CompoundType,5,5,TRUE
h1_run0,739,LogP,2.953,2.953,TRUE
h1_run0,739,bp,0.894,0.894,TRUE
h1_run0,739,HBAValue,4,4,TRUE
h1_run0,739,HBDValue,2,2,TRUE
h1_run0,739,Mole_Wh,321.16,321.16,TRUE
h1_run0,739,DistributionModel,0,0,TRUE
h1_run0,739,KpPredictionMethod,0,0,TRUE
h1_run0,739,VssSwitch,0,0,TRUE
h1_run0,739,VD,1.031698,1.031698,TRUE
h1_run0,739,VD_sd,50,50,TRUE
h1_run0,739,ClearanceSwitch,1,1,TRUE
h1_run0,739,WOMC_CLintType1,2,2,TRUE
h1_run0,739,WOMC_MicrosomeCLintValue1,13.36034528,13.36034528,TRUE
h1_run0,739,WOMC_MicrosomeFUinc11,1,1,TRUE
h1_run0,739,WOMC_HepatocyteCLintValue,0,0,TRUE
h1_run0,781,Fu,0.9917883525,0.9917883525,TRUE
h1_run0,781,pKa1,10.81,10.81,TRUE
h1_run0,781,pKa2,0,0,TRUE
h1_run0,781,CompoundType,3,3,TRUE
h1_run0,781,LogP,-0.329,-0.329,TRUE
h1_run0,781,bp,1.258,1.258,TRUE
h1_run0,781,HBAValue,5,5,TRUE
h1_run0,781,HBDValue,4,4,TRUE
h1_run0,781,Mole_Wh,129.16,129.16,TRUE
h1_run0,781,DistributionModel,0,0,TRUE
h1_run0,781,KpPredictionMethod,0,0,TRUE
h1_run0,781,VssSwitch,0,0,TRUE
h1_run0,781,VD,1.02910156,1.02910156,TRUE
h1_run0,781,VD_sd,50,50,TRUE
h1_run0,781,ClearanceSwitch,1,1,TRUE
h1_run0,781,WOMC_CLintType1,2,2,TRUE
h1_run0,781,WOMC_MicrosomeCLintValue1,1.02985963,1.02985963,TRUE
h1_run0,781,WOMC_MicrosomeFUinc11,1,1,TRUE
h1_run0,781,WOMC_HepatocyteCLintValue,0,0,TRUE
h1_run0,787,Fu,0.2931524596,0.2931524596,TRUE
h1_run0,787,pKa1,4.4,4.4,TRUE
h1_run0,787,pKa2,3.53,3.53,TRUE
h1_run0,787,CompoundType,0,0,TRUE
h1_run0,787,LogP,-0.313,-0.313,TRUE
h1_run0,787,bp,0.661,0.661,TRUE
h1_run0,787,HBAValue,13,13,TRUE
h1_run0,787,HBDValue,5,5,TRUE
h1_run0,787,Mole_Wh,454.44,454.44,TRUE
h1_run0,787,DistributionModel,0,0,TRUE
h1_run0,787,KpPredictionMethod,0,0,TRUE
h1_run0,787,VssSwitch,0,0,TRUE
h1_run0,787,VD,0.43118967,0.43118967,TRUE
h1_run0,787,VD_sd,50,50,TRUE
h1_run0,787,ClearanceSwitch,1,1,TRUE
h1_run0,787,WOMC_CLintType1,2,2,TRUE
h1_run0,787,WOMC_MicrosomeCLintValue1,5.23924038,5.23924038,TRUE
h1_run0,787,WOMC_MicrosomeFUinc11,1,1,TRUE
h1_run0,787,WOMC_HepatocyteCLintValue,0,0,TRUE
h1_run0,800,Fu,0.5612584019,0.5612584019,TRUE
h1_run0,800,pKa1,9.59,9.59,TRUE
h1_run0,800,pKa2,0,0,TRUE
h1_run0,800,CompoundType,3,3,TRUE
h1_run0,800,LogP,1.653,1.653,TRUE
h1_run0,800,bp,0.935,0.935,TRUE
h1_run0,800,HBAValue,4,4,TRUE
h1_run0,800,HBDValue,2,2,TRUE
h1_run0,800,Mole_Wh,267.4,267.4,TRUE
h1_run0,800,DistributionModel,0,0,TRUE
h1_run0,800,KpPredictionMethod,0,0,TRUE
h1_run0,800,VssSwitch,0,0,TRUE
h1_run0,800,VD,2.76391031,2.76391031,TRUE
h1_run0,800,VD_sd,50,50,TRUE
h1_run0,800,ClearanceSwitch,1,1,TRUE
h1_run0,800,WOMC_CLintType1,2,2,TRUE
h1_run0,800,WOMC_MicrosomeCLintValue1,16.54876182,16.54876182,TRUE
h1_run0,800,WOMC_MicrosomeFUinc11,1,1,TRUE
h1_run0,800,WOMC_HepatocyteCLintValue,0,0,TRUE
h1_run0,811,Fu,0.0521274648,0.0521274648,TRUE
h1_run0,811,pKa1,5.28,5.28,TRUE
h1_run0,811,pKa2,0,0,TRUE
h1_run0,811,CompoundType,3,3,TRUE
h1_run0,811,LogP,3.864,3.864,TRUE
h1_run0,811,bp,0.752,0.752,TRUE
h1_run0,811,HBAValue,2,2,TRUE
h1_run0,811,HBDValue,0,0,TRUE
h1_run0,811,Mole_Wh,325.8,325.8,TRUE
h1_run0,811,DistributionModel,0,0,TRUE
h1_run0,811,KpPredictionMethod,0,0,TRUE
h1_run0,811,VssSwitch,0,0,TRUE
h1_run0,811,VD,1.28554088,1.28554088,TRUE
h1_run0,811,VD_sd,50,50,TRUE
h1_run0,811,ClearanceSwitch,1,1,TRUE
h1_run0,811,WOMC_CLintType1,2,2,TRUE
h1_run0,811,WOMC_MicrosomeCLintValue1,55.10220874,55.10220874,TRUE
h1_run0,811,WOMC_MicrosomeFUinc11,1,1,TRUE
h1_run0,811,WOMC_HepatocyteCLintValue,0,0,TRUE
h1_run0,832,Fu,0.0042045457,0.0042045457,TRUE
h1_run0,832,pKa1,4.83,4.83,TRUE
h1_run0,832,pKa2,0,0,TRUE
h1_run0,832,CompoundType,2,2,TRUE
h1_run0,832,LogP,5.252,5.252,TRUE
h1_run0,832,bp,0.614,0.614,TRUE
h1_run0,832,HBAValue,4,4,TRUE
h1_run0,832,HBDValue,2,2,TRUE
h1_run0,832,Mole_Wh,586.2,586.2,TRUE
h1_run0,832,DistributionModel,0,0,TRUE
h1_run0,832,KpPredictionMethod,0,0,TRUE
h1_run0,832,VssSwitch,0,0,TRUE
h1_run0,832,VD,0.33317551,0.33317551,TRUE
h1_run0,832,VD_sd,50,50,TRUE
h1_run0,832,ClearanceSwitch,1,1,TRUE
h1_run0,832,WOMC_CLintType1,2,2,TRUE
h1_run0,832,WOMC_MicrosomeCLintValue1,1096.94734548,1096.94734548,TRUE
h1_run0,832,WOMC_MicrosomeFUinc11,1,1,TRUE
h1_run0,832,WOMC_HepatocyteCLintValue,0,0,TRUE
h1_run0,875,Fu,0.0854397994,0.0854397994,TRUE
h1_run0,875,pKa1,0,0,TRUE
h1_run0,875,pKa2,0,0,TRUE
h1_run0,875,CompoundType,0,0,TRUE
h1_run0,875,LogP,1.258,1.258,TRUE
h1_run0,875,bp,0.942,0.942,TRUE
h1_run0,875,HBAValue,7,7,TRUE
h1_run0,875,HBDValue,1,1,TRUE
h1_run0,875,Mole_Wh,346.3,346.3,TRUE
h1_run0,875,DistributionModel,0,0,TRUE
h1_run0,875,KpPredictionMethod,0,0,TRUE
h1_run0,875,VssSwitch,0,0,TRUE
h1_run0,875,VD,1.07978561,1.07978561,TRUE
h1_run0,875,VD_sd,50,50,TRUE
h1_run0,875,ClearanceSwitch,1,1,TRUE
h1_run0,875,WOMC_CLintType1,2,2,TRUE
h1_run0,875,WOMC_MicrosomeCLintValue1,158.43467083,158.43467083,TRUE
h1_run0,875,WOMC_MicrosomeFUinc11,1,1,TRUE
h1_run0,875,WOMC_HepatocyteCLintValue,0,0,TRUE
h1_run0,907,Fu,0.3822122892,0.3822122892,TRUE
h1_run0,907,pKa1,7.11,7.11,TRUE
h1_run0,907,pKa2,0,0,TRUE
h1_run0,907,CompoundType,3,3,TRUE
h1_run0,907,LogP,1.981,1.981,TRUE
h1_run0,907,bp,0.844,0.844,TRUE
h1_run0,907,HBAValue,2,2,TRUE
h1_run0,907,HBDValue,0,0,TRUE
h1_run0,907,Mole_Wh,293.4,293.4,TRUE
h1_run0,907,DistributionModel,0,0,TRUE
h1_run0,907,KpPredictionMethod,0,0,TRUE
h1_run0,907,VssSwitch,0,0,TRUE
h1_run0,907,VD,1.87870171,1.87870171,TRUE
h1_run0,907,VD_sd,50,50,TRUE
h1_run0,907,ClearanceSwitch,1,1,TRUE
h1_run0,907,WOMC_CLintType1,2,2,TRUE
h1_run0,907,WOMC_MicrosomeCLintValue1,27.90027615,27.90027615,TRUE
h1_run0,907,WOMC_MicrosomeFUinc11,1,1,TRUE
h1_run0,907,WOMC_HepatocyteCLintValue,0,0,TRUE
h1_run0,938,Fu,0.1242805838,0.1242805838,TRUE
h1_run0,938,pKa1,9.6,9.6,TRUE
h1_run0,938,pKa2,0,0,TRUE
h1_run0,938,CompoundType,3,3,TRUE
h1_run0,938,LogP,3.289,3.289,TRUE
h1_run0,938,bp,0.906,0.906,TRUE
h1_run0,938,HBAValue,4,4,TRUE
h1_run0,938,HBDValue,1,1,TRUE
h1_run0,938,Mole_Wh,329.4,329.4,TRUE
h1_run0,938,DistributionModel,0,0,TRUE
h1_run0,938,KpPredictionMethod,0,0,TRUE
h1_run0,938,VssSwitch,0,0,TRUE
h1_run0,938,VD,4.38546728,4.38546728,TRUE
h1_run0,938,VD_sd,50,50,TRUE
h1_run0,938,ClearanceSwitch,1,1,TRUE
h1_run0,938,WOMC_CLintType1,2,2,TRUE
h1_run0,938,WOMC_MicrosomeCLintValue1,26.10351746,26.10351746,TRUE
h1_run0,938,WOMC_MicrosomeFUinc11,1,1,TRUE
h1_run0,938,WOMC_HepatocyteCLintValue,0,0,TRUE
h1_run0,963,Fu,0.3815869614,0.3815869614,TRUE
h1_run0,963,pKa1,0,0,TRUE
h1_run0,963,pKa2,0,0,TRUE
h1_run0,963,CompoundType,0,0,TRUE
h1_run0,963,LogP,1.68,1.68,TRUE
h1_run0,963,bp,0.907,0.907,TRUE
h1_run0,963,HBAValue,3,3,TRUE
h1_run0,963,HBDValue,1,1,TRUE
h1_run0,963,Mole_Wh,179.22,179.22,TRUE
h1_run0,963,DistributionModel,0,0,TRUE
h1_run0,963,KpPredictionMethod,0,0,TRUE
h1_run0,963,VssSwitch,0,0,TRUE
h1_run0,963,VD,0.88084252,0.88084252,TRUE
h1_run0,963,VD_sd,50,50,TRUE
h1_run0,963,ClearanceSwitch,1,1,TRUE
h1_run0,963,WOMC_CLintType1,2,2,TRUE
h1_run0,963,WOMC_MicrosomeCLintValue1,19.42113644,19.42113644,TRUE
h1_run0,963,WOMC_MicrosomeFUinc11,1,1,TRUE
h1_run0,963,WOMC_HepatocyteCLintValue,0,0,TRUE
h1_run0,967,Fu,0.2217861066,0.2217861066,TRUE
h1_run0,967,pKa1,7.3,7.3,TRUE
h1_run0,967,pKa2,0,0,TRUE
h1_run0,967,CompoundType,2,2,TRUE
h1_run0,967,LogP,1.185,1.185,TRUE
h1_run0,967,bp,0.796,0.796,TRUE
h1_run0,967,HBAValue,5,5,TRUE
h1_run0,967,HBDValue,2,2,TRUE
h1_run0,967,Mole_Wh,232.24,232.24,TRUE
h1_run0,967,DistributionModel,0,0,TRUE
h1_run0,967,KpPredictionMethod,0,0,TRUE
h1_run0,967,VssSwitch,0,0,TRUE
h1_run0,967,VD,0.45472132,0.45472132,TRUE
h1_run0,967,VD_sd,50,50,TRUE
h1_run0,967,ClearanceSwitch,1,1,TRUE
h1_run0,967,WOMC_CLintType1,2,2,TRUE
h1_run0,967,WOMC_MicrosomeCLintValue1,17.46522385,17.46522385,TRUE
h1_run0,967,WOMC_MicrosomeFUinc11,1,1,TRUE
h1_run0,967,WOMC_HepatocyteCLintValue,0,0,TRUE
h1_run0,973,Fu,0.1299051074,0.1299051074,TRUE
h1_run0,973,pKa1,8.15,8.15,TRUE
h1_run0,973,pKa2,0,0,TRUE
h1_run0,973,CompoundType,2,2,TRUE
h1_run0,973,LogP,2.201,2.201,TRUE
h1_run0,973,bp,0.951,0.951,TRUE
h1_run0,973,HBAValue,4,4,TRUE
h1_run0,973,HBDValue,2,2,TRUE
h1_run0,973,Mole_Wh,252.28,252.28,TRUE
h1_run0,973,DistributionModel,0,0,TRUE
h1_run0,973,KpPredictionMethod,0,0,TRUE
h1_run0,973,VssSwitch,0,0,TRUE
h1_run0,973,VD,0.57488744,0.57488744,TRUE
h1_run0,973,VD_sd,50,50,TRUE
h1_run0,973,ClearanceSwitch,1,1,TRUE
h1_run0,973,WOMC_CLintType1,2,2,TRUE
h1_run0,973,WOMC_MicrosomeCLintValue1,18.53325728,18.53325728,TRUE
h1_run0,973,WOMC_MicrosomeFUinc11,1,1,TRUE
h1_run0,973,WOMC_HepatocyteCLintValue,0,0,TRUE
h1_run0,1001,Fu,0.02398,0.02398,TRUE
h1_run0,1001,pKa1,3.69,3.69,TRUE
h1_run0,1001,pKa2,2.81,2.81,TRUE
h1_run0,1001,CompoundType,1,1,TRUE
h1_run0,1001,LogP,3.948,3.948,TRUE
h1_run0,1001,bp,0.639,0.639,TRUE
h1_run0,1001,HBAValue,9,9,TRUE
h1_run0,1001,HBDValue,1,1,TRUE
h1_run0,1001,Mole_Wh,700.8,700.8,TRUE
h1_run0,1001,DistributionModel,0,0,TRUE
h1_run0,1001,KpPredictionMethod,0,0,TRUE
h1_run0,1001,VssSwitch,0,0,TRUE
h1_run0,1001,VD,1.483,1.483,TRUE
h1_run0,1001,VD_sd,50,50,TRUE
h1_run0,1001,ClearanceSwitch,1,1,TRUE
h1_run0,1001,WOMC_CLintType1,2,2,TRUE
h1_run0,1001,WOMC_MicrosomeCLintValue1,357.231,357.231,TRUE
h1_run0,1001,WOMC_MicrosomeFUinc11,1,1,TRUE
h1_run0,1001,WOMC_HepatocyteCLintValue,0,0,TRUE
h1_run0,1009,Fu,0.0975927913,0.0975927913,TRUE
h1_run0,1009,pKa1,4.83,4.83,TRUE
h1_run0,1009,pKa2,0,0,TRUE
h1_run0,1009,CompoundType,2,2,TRUE
h1_run0,1009,LogP,1.242,1.242,TRUE
h1_run0,1009,bp,0.635,0.635,TRUE
h1_run0,1009,HBAValue,7,7,TRUE
h1_run0,1009,HBDValue,4,4,TRUE
h1_run0,1009,Mole_Wh,424.53,424.53,TRUE
h1_run0,1009,DistributionModel,0,0,TRUE
h1_run0,1009,KpPredictionMethod,0,0,TRUE
h1_run0,1009,VssSwitch,0,0,TRUE
h1_run0,1009,VD,0.32026465,0.32026465,TRUE
h1_run0,1009,VD_sd,50,50,TRUE
h1_run0,1009,ClearanceSwitch,1,1,TRUE
h1_run0,1009,WOMC_CLintType1,2,2,TRUE
h1_run0,1009,WOMC_MicrosomeCLintValue1,15.32412171,15.32412171,TRUE
h1_run0,1009,WOMC_MicrosomeFUinc11,1,1,TRUE
h1_run0,1009,WOMC_HepatocyteCLintValue,0,0,TRUE
h1_run0,1018,Fu,0.1525195804,0.1525195804,TRUE
h1_run0,1018,pKa1,3.65,3.65,TRUE
h1_run0,1018,pKa2,0,0,TRUE
h1_run0,1018,CompoundType,2,2,TRUE
h1_run0,1018,LogP,1.573,1.573,TRUE
h1_run0,1018,bp,0.626,0.626,TRUE
h1_run0,1018,HBAValue,5,5,TRUE
h1_run0,1018,HBDValue,1,1,TRUE
h1_run0,1018,Mole_Wh,285.36,285.36,TRUE
h1_run0,1018,DistributionModel,0,0,TRUE
h1_run0,1018,KpPredictionMethod,0,0,TRUE
h1_run0,1018,VssSwitch,0,0,TRUE
h1_run0,1018,VD,0.24508386,0.24508386,TRUE
h1_run0,1018,VD_sd,50,50,TRUE
h1_run0,1018,ClearanceSwitch,1,1,TRUE
h1_run0,1018,WOMC_CLintType1,2,2,TRUE
h1_run0,1018,WOMC_MicrosomeCLintValue1,13.23518105,13.23518105,TRUE
h1_run0,1018,WOMC_MicrosomeFUinc11,1,1,TRUE
h1_run0,1018,WOMC_HepatocyteCLintValue,0,0,TRUE
h1_run0,1041,Fu,0.1560183262,0.1560183262,TRUE
h1_run0,1041,pKa1,7.79,7.79,TRUE
h1_run0,1041,pKa2,4.14,4.14,TRUE
h1_run0,1041,CompoundType,1,1,TRUE
h1_run0,1041,LogP,2.192,2.192,TRUE
h1_run0,1041,bp,0.893,0.893,TRUE
h1_run0,1041,HBAValue,4,4,TRUE
h1_run0,1041,HBDValue,1,1,TRUE
h1_run0,1041,Mole_Wh,324.4,324.4,TRUE
h1_run0,1041,DistributionModel,0,0,TRUE
h1_run0,1041,KpPredictionMethod,0,0,TRUE
h1_run0,1041,VssSwitch,0,0,TRUE
h1_run0,1041,VD,2.60386421,2.60386421,TRUE
h1_run0,1041,VD_sd,50,50,TRUE
h1_run0,1041,ClearanceSwitch,1,1,TRUE
h1_run0,1041,WOMC_CLintType1,2,2,TRUE
h1_run0,1041,WOMC_MicrosomeCLintValue1,43.36702246,43.36702246,TRUE
h1_run0,1041,WOMC_MicrosomeFUinc11,1,1,TRUE
h1_run0,1041,WOMC_HepatocyteCLintValue,0,0,TRUE
h1_run0,1094,Fu,0.0201095146,0.0201095146,TRUE
h1_run0,1094,pKa1,7.14,7.14,TRUE
h1_run0,1094,pKa2,5.86,5.86,TRUE
h1_run0,1094,CompoundType,5,5,TRUE
h1_run0,1094,LogP,1.501,1.501,TRUE
h1_run0,1094,bp,0.651,0.651,TRUE
h1_run0,1094,HBAValue,6,6,TRUE
h1_run0,1094,HBDValue,1,1,TRUE
h1_run0,1094,Mole_Wh,357.427,357.427,TRUE
h1_run0,1094,DistributionModel,0,0,TRUE
h1_run0,1094,KpPredictionMethod,0,0,TRUE
h1_run0,1094,VssSwitch,0,0,TRUE
h1_run0,1094,VD,0.48058902,0.48058902,TRUE
h1_run0,1094,VD_sd,50,50,TRUE
h1_run0,1094,ClearanceSwitch,1,1,TRUE
h1_run0,1094,WOMC_CLintType1,2,2,TRUE
h1_run0,1094,WOMC_MicrosomeCLintValue1,42.39192686,42.39192686,TRUE
h1_run0,1094,WOMC_MicrosomeFUinc11,1,1,TRUE
h1_run0,1094,WOMC_HepatocyteCLintValue,0,0,TRUE
h1_run0,1095,Fu,0.0617986616,0.0617986616,TRUE
h1_run0,1095,pKa1,4.54,4.54,TRUE
h1_run0,1095,pKa2,0,0,TRUE
h1_run0,1095,CompoundType,2,2,TRUE
h1_run0,1095,LogP,1.601,1.601,TRUE
h1_run0,1095,bp,0.608,0.608,TRUE
h1_run0,1095,HBAValue,9,9,TRUE
h1_run0,1095,HBDValue,3,3,TRUE
h1_run0,1095,Mole_Wh,481.54,481.54,TRUE
h1_run0,1095,DistributionModel,0,0,TRUE
h1_run0,1095,KpPredictionMethod,0,0,TRUE
h1_run0,1095,VssSwitch,0,0,TRUE
h1_run0,1095,VD,0.35113122,0.35113122,TRUE
h1_run0,1095,VD_sd,50,50,TRUE
h1_run0,1095,ClearanceSwitch,1,1,TRUE
h1_run0,1095,WOMC_CLintType1,2,2,TRUE
h1_run0,1095,WOMC_MicrosomeCLintValue1,7.16696226,7.16696226,TRUE
h1_run0,1095,WOMC_MicrosomeFUinc11,1,1,TRUE
h1_run0,1095,WOMC_HepatocyteCLintValue,0,0,TRUE
h1_run0,1197,Fu,0.8788789783,0.8788789783,TRUE
h1_run0,1197,pKa1,1.77,1.77,TRUE
h1_run0,1197,pKa2,6.64,6.64,TRUE
h1_run0,1197,CompoundType,0,0,TRUE
h1_run0,1197,LogP,-1.118,-1.118,TRUE
h1_run0,1197,bp,0.778,0.778,TRUE
h1_run0,1197,HBAValue,8,8,TRUE
h1_run0,1197,HBDValue,3,3,TRUE
h1_run0,1197,Mole_Wh,287.21,287.21,TRUE
h1_run0,1197,DistributionModel,0,0,TRUE
h1_run0,1197,KpPredictionMethod,0,0,TRUE
h1_run0,1197,VssSwitch,0,0,TRUE
h1_run0,1197,VD,0.33473323,0.33473323,TRUE
h1_run0,1197,VD_sd,50,50,TRUE
h1_run0,1197,ClearanceSwitch,1,1,TRUE
h1_run0,1197,WOMC_CLintType1,2,2,TRUE
h1_run0,1197,WOMC_MicrosomeCLintValue1,6.67691069,6.67691069,TRUE
h1_run0,1197,WOMC_MicrosomeFUinc11,1,1,TRUE
h1_run0,1197,WOMC_HepatocyteCLintValue,0,0,TRUE
h1_run0,1245,Fu,0.0461859646,0.0461859646,TRUE
h1_run0,1245,pKa1,5.21,5.21,TRUE
h1_run0,1245,pKa2,0,0,TRUE
h1_run0,1245,CompoundType,2,2,TRUE
h1_run0,1245,LogP,1.845,1.845,TRUE
h1_run0,1245,bp,0.641,0.641,TRUE
h1_run0,1245,HBAValue,5,5,TRUE
h1_run0,1245,HBDValue,2,2,TRUE
h1_run0,1245,Mole_Wh,270.3,270.3,TRUE
h1_run0,1245,DistributionModel,0,0,TRUE
h1_run0,1245,KpPredictionMethod,0,0,TRUE
h1_run0,1245,VssSwitch,0,0,TRUE
h1_run0,1245,VD,0.25185138,0.25185138,TRUE
h1_run0,1245,VD_sd,50,50,TRUE
h1_run0,1245,ClearanceSwitch,1,1,TRUE
h1_run0,1245,WOMC_CLintType1,2,2,TRUE
h1_run0,1245,WOMC_MicrosomeCLintValue1,9.32257631,9.32257631,TRUE
h1_run0,1245,WOMC_MicrosomeFUinc11,1,1,TRUE
h1_run0,1245,WOMC_HepatocyteCLintValue,0,0,TRUE
h1_run0,1293,Fu,0.020413751,0.020413751,TRUE
h1_run0,1293,pKa1,3.57,3.57,TRUE
h1_run0,1293,pKa2,4.46,4.46,TRUE
h1_run0,1293,CompoundType,0,0,TRUE
h1_run0,1293,LogP,3.34,3.34,TRUE
h1_run0,1293,bp,0.621,0.621,TRUE
h1_run0,1293,HBAValue,7,7,TRUE
h1_run0,1293,HBDValue,2,2,TRUE
h1_run0,1293,Mole_Wh,435.52,435.52,TRUE
h1_run0,1293,DistributionModel,0,0,TRUE
h1_run0,1293,KpPredictionMethod,0,0,TRUE
h1_run0,1293,VssSwitch,0,0,TRUE
h1_run0,1293,VD,0.35335103,0.35335103,TRUE
h1_run0,1293,VD_sd,50,50,TRUE
h1_run0,1293,ClearanceSwitch,1,1,TRUE
h1_run0,1293,WOMC_CLintType1,2,2,TRUE
h1_run0,1293,WOMC_MicrosomeCLintValue1,10.65048981,10.65048981,TRUE
h1_run0,1293,WOMC_MicrosomeFUinc11,1,1,TRUE
h1_run0,1293,WOMC_HepatocyteCLintValue,0,0,TRUE
h1_run0,1300,Fu,0.1090032586,0.1090032586,TRUE
h1_run0,1300,pKa1,8.43,8.43,TRUE
h1_run0,1300,pKa2,0,0,TRUE
h1_run0,1300,CompoundType,3,3,TRUE
h1_run0,1300,LogP,3.23,3.23,TRUE
h1_run0,1300,bp,0.653,0.653,TRUE
h1_run0,1300,HBAValue,6,6,TRUE
h1_run0,1300,HBDValue,0,0,TRUE
h1_run0,1300,Mole_Wh,454.6,454.6,TRUE
h1_run0,1300,DistributionModel,0,0,TRUE
h1_run0,1300,KpPredictionMethod,0,0,TRUE
h1_run0,1300,VssSwitch,0,0,TRUE
h1_run0,1300,VD,5.15482205,5.15482205,TRUE
h1_run0,1300,VD_sd,50,50,TRUE
h1_run0,1300,ClearanceSwitch,1,1,TRUE
h1_run0,1300,WOMC_CLintType1,2,2,TRUE
h1_run0,1300,WOMC_MicrosomeCLintValue1,679.19512995,679.19512995,TRUE
h1_run0,1300,WOMC_MicrosomeFUinc11,1,1,TRUE
h1_run0,1300,WOMC_HepatocyteCLintValue,0,0,TRUE
h1_run0,1319,Fu,0.2152097058,0.2152097058,TRUE
h1_run0,1319,pKa1,2.42,2.42,TRUE
h1_run0,1319,pKa2,0,0,TRUE
h1_run0,1319,CompoundType,3,3,TRUE
h1_run0,1319,LogP,2.463,2.463,TRUE
h1_run0,1319,bp,0.873,0.873,TRUE
h1_run0,1319,HBAValue,5,5,TRUE
h1_run0,1319,HBDValue,1,1,TRUE
h1_run0,1319,Mole_Wh,349.31,349.31,TRUE
h1_run0,1319,DistributionModel,0,0,TRUE
h1_run0,1319,KpPredictionMethod,0,0,TRUE
h1_run0,1319,VssSwitch,0,0,TRUE
h1_run0,1319,VD,1.57094792,1.57094792,TRUE
h1_run0,1319,VD_sd,50,50,TRUE
h1_run0,1319,ClearanceSwitch,1,1,TRUE
h1_run0,1319,WOMC_CLintType1,2,2,TRUE
h1_run0,1319,WOMC_MicrosomeCLintValue1,26.2349825,26.2349825,TRUE
h1_run0,1319,WOMC_MicrosomeFUinc11,1,1,TRUE
h1_run0,1319,WOMC_HepatocyteCLintValue,0,0,TRUE
h1_run0,1323,Fu,0.0187570003,0.0187570003,TRUE
h1_run0,1323,pKa1,5.09,5.09,TRUE
h1_run0,1323,pKa2,0,0,TRUE
h1_run0,1323,CompoundType,2,2,TRUE
h1_run0,1323,LogP,2.332,2.332,TRUE
h1_run0,1323,bp,0.656,0.656,TRUE
h1_run0,1323,HBAValue,4,4,TRUE
h1_run0,1323,HBDValue,1,1,TRUE
h1_run0,1323,Mole_Wh,308.3,308.3,TRUE
h1_run0,1323,DistributionModel,0,0,TRUE
h1_run0,1323,KpPredictionMethod,0,0,TRUE
h1_run0,1323,VssSwitch,0,0,TRUE
h1_run0,1323,VD,0.37781115,0.37781115,TRUE
h1_run0,1323,VD_sd,50,50,TRUE
h1_run0,1323,ClearanceSwitch,1,1,TRUE
h1_run0,1323,WOMC_CLintType1,2,2,TRUE
h1_run0,1323,WOMC_MicrosomeCLintValue1,43.21438301,43.21438301,TRUE
h1_run0,1323,WOMC_MicrosomeFUinc11,1,1,TRUE
h1_run0,1323,WOMC_HepatocyteCLintValue,0,0,TRUE
h1_run0,1341,Fu,0.610826059,0.610826059,TRUE
h1_run0,1341,pKa1,9.45,9.45,TRUE
h1_run0,1341,pKa2,0,0,TRUE
h1_run0,1341,CompoundType,2,2,TRUE
h1_run0,1341,LogP,-0.246,-0.246,TRUE
h1_run0,1341,bp,0.888,0.888,TRUE
h1_run0,1341,HBAValue,6,6,TRUE
h1_run0,1341,HBDValue,2,2,TRUE
h1_run0,1341,Mole_Wh,267.24,267.24,TRUE
h1_run0,1341,DistributionModel,0,0,TRUE
h1_run0,1341,KpPredictionMethod,0,0,TRUE
h1_run0,1341,VssSwitch,0,0,TRUE
h1_run0,1341,VD,0.81432313,0.81432313,TRUE
h1_run0,1341,VD_sd,50,50,TRUE
h1_run0,1341,ClearanceSwitch,1,1,TRUE
h1_run0,1341,WOMC_CLintType1,2,2,TRUE
h1_run0,1341,WOMC_MicrosomeCLintValue1,12.86944194,12.86944194,TRUE
h1_run0,1341,WOMC_MicrosomeFUinc11,1,1,TRUE
h1_run0,1341,WOMC_HepatocyteCLintValue,0,0,TRUE
