run_id,Drug,CL_sim_L_h_kg,applied_CL_MetBas_L_h_kg,template_CL_MetBas_L_h_kg,template_CLRbase_L_h_kg,applied_ClearanceSwitch
h1_run1,52,0.07331567467302895,NA,0.0444,0.009685714285714287,1
h1_run1,172,0.31005270045418054,NA,0.534,0.003085714285714286,1
h1_run1,177,0.7636503189014728,NA,1.14,0.008928571428571428,1
h1_run1,184,0.4286865718104792,NA,0.084,5.428571428571429e-4,1
h1_run1,295,0.8043175528891314,NA,0.438,0.115,1
h1_run1,308,0.09576906194093288,NA,0.15,5.857142857142858e-4,1
h1_run1,323,0.24281559602261538,NA,0.5850000000000001,0.03585714285714285,1
h1_run1,332,0.17273100365850028,NA,0.1158,0.08357142857142856,1
h1_run1,366,0.37635477269744005,NA,0.66,0.02142857142857143,1
h1_run1,394,0.45595670082372225,NA,0.102,0.138,1
h1_run1,413,0.4849592277733658,NA,0.84,0.024428571428571428,1
h1_run1,471,0.6973262877206781,NA,0.336,0.04471428571428571,1
h1_run1,488,0.06336270696374781,NA,0.0474,0,1
h1_run1,637,0.6965876530410318,NA,0.78,0.002142857142857143,1
h1_run1,674,0.2738661104914466,NA,0.30600000000000005,0,1
h1_run1,703,0.04866241827632181,NA,0.264,0,1
h1_run1,739,0.05713146776572055,NA,0.060000000000000005,2.7142857142857144e-4,1
h1_run1,781,0.723956848052922,NA,0.126,0.4614285714285714,1
h1_run1,787,0.18110065873336562,NA,0.126,0.08785714285714286,1
h1_run1,800,0.44390418578665597,NA,0.7242857142857143,0.07471428571428572,1
h1_run1,811,0.1271683005328946,NA,0.318,0.0012142857142857144,1
h1_run1,832,0.17946120541539545,NA,0.040799999999999996,5.7142857142857145e-6,1
h1_run1,875,0.5336640918120773,NA,0.438,4.4285714285714284e-4,1
h1_run1,907,0.3489929760400798,NA,0.348,0.012857142857142857,1
h1_run1,938,0.1385207413310469,NA,1.0799999999999998,0.007142857142857143,1
h1_run1,963,0.296040050380785,NA,1.26,0,1
h1_run1,967,0.16156062306890254,NA,0.003785714285714286,0.0010571428571428572,1
h1_run1,973,0.10034375439392616,NA,0.0222,2.1285714285714286e-4,1
h1_run1,1001,1.4590283441506555,NA,0.258,0,1
h1_run1,1009,0.6957208002724271,NA,0.84,0.3888285714285714,1
h1_run1,1018,0.08059012276478295,NA,0.015000000000000001,0.0012857142857142856,1
h1_run1,1041,0.29907622147315954,NA,0.24000000000000002,0.055285714285714285,1
h1_run1,1094,0.037061959896020506,NA,0.039,0,1
h1_run1,1095,0.22663441378731028,NA,0.66,0.19428571428571428,1
h1_run1,1197,0.2108221955706662,NA,0.186,0,1
h1_run1,1245,0.018762443449037398,NA,0.0126,2.1428571428571428e-5,1
h1_run1,1293,0.02067645921962875,NA,5.714285714285715e-4,0.008857142857142857,1
h1_run1,1300,1.1834966266986053,NA,1.0799999999999998,0.09531428571428571,1
h1_run1,1319,0.2194057899470749,NA,0.498,0.0012857142857142856,1
h1_run1,1323,0.03523767919613648,NA,0.0033,4.2857142857142856e-5,1
h1_run1,1341,0.5228740490886244,NA,1.5,0.22142857142857142,1
