group,run_id,endpoint,n,estimate,ci_low,ci_high,p,p_holm
A,v0_run0,log_NRMSE,40,0.00075,-0.03370,0.04148,0.93115,0.93115
A,s1_run1,log_NRMSE,40,0.00009,0.00000,0.00119,0.04816,0.14449
A,s1_run2,log_NRMSE,40,0.00009,0.00000,0.00122,0.05481,0.14449
A,s1_run3,log_NRMSE,40,0.01973,0.00459,0.03662,0.01527,0.06107
A,v0_run0,rmse_log10,41,-0.01032,-0.05863,0.04651,0.68151,0.68151
A,s1_run1,rmse_log10,41,0.00013,0.00001,0.00165,0.04102,0.11529
A,s1_run2,rmse_log10,41,0.00013,0.00001,0.00165,0.03843,0.11529
A,s1_run3,rmse_log10,41,0.03112,0.00778,0.05837,0.00724,0.02894
A,v0_run0,fe_auc_abs,41,-0.03522,-0.17017,0.10313,0.65348,1.00000
A,s1_run1,fe_auc_abs,41,0.00010,-0.00021,0.00685,0.46417,1.00000
A,s1_run2,fe_auc_abs,41,0.00010,-0.00016,0.00690,0.42575,1.00000
A,s1_run3,fe_auc_abs,41,0.05353,-0.02866,0.13541,0.24639,0.98555
A,v0_run0,fe_cmax_abs,41,-0.04070,-0.27678,0.14344,0.64424,1.00000
A,s1_run1,fe_cmax_abs,41,-0.00018,-0.00145,0.00065,0.60783,1.00000
A,s1_run2,fe_cmax_abs,41,-0.00014,-0.00145,0.00055,0.65348,1.00000
A,s1_run3,fe_cmax_abs,41,0.18977,-0.03392,0.40513,0.09750,0.39000
B,h1_run0_noCLr,log_NRMSE,40,0.07646,0.02765,0.17245,0.00071,0.00080
B,h2_run4,log_NRMSE,40,0.07406,0.04268,0.14576,0.00000,0.00000
B,h2_run0,log_NRMSE,40,0.09909,0.05625,0.15493,0.00001,0.00002
B,h1_run0_noCLr,rmse_log10,41,0.14355,0.05611,0.25213,0.00060,0.00060
B,h2_run4,rmse_log10,41,0.12487,0.07654,0.18664,0.00000,0.00000
B,h2_run0,rmse_log10,41,0.15350,0.10158,0.20985,0.00000,0.00001
B,h1_run0_noCLr,fe_auc_abs,41,0.63827,0.27095,0.97787,0.00005,0.00011
B,h2_run4,fe_auc_abs,41,0.56245,0.34962,0.81171,0.00000,0.00000
B,h2_run0,fe_auc_abs,41,0.63675,0.40580,0.88530,0.00000,0.00000
B,h1_run0_noCLr,fe_cmax_abs,41,0.00708,-0.01866,0.05350,0.59887,0.59887
B,h2_run4,fe_cmax_abs,41,0.01771,-0.00215,0.06945,0.10020,0.30060
B,h2_run0,fe_cmax_abs,41,0.26011,0.01472,0.49958,0.03719,0.14876
