path,bytes,sha256,built_by,built_from,mtime_utc
figures/Figure6_parameter_to_exposure.pdf,46414,a120016f26546ac3c6538137f3942e6e817f325d7347eecc13d12e071dff38d3,analysis/v7.4_final01/fig06_parameter_to_exposure.py,"outputs/tables/upstream_parameter_fold_errors.csv, per_compound_metrics.csv, decomposition_routing.csv",2026-09-24T03:08:10+00:00
figures/Figure6_parameter_to_exposure.png,475879,986535ebcfa0094480eef4879e38f3711ce3976b98d3c8de9764573d62bf992b,analysis/v7.4_final01/fig06_parameter_to_exposure.py,"outputs/tables/upstream_parameter_fold_errors.csv, per_compound_metrics.csv, decomposition_routing.csv",2026-09-24T03:08:10+00:00
figures/Figure6_parameter_to_exposure.svg,83066,e3315bbd6e7468f42339799d3e0d7ddc0a33e4541f99107532b8c3a430fb0018,analysis/v7.4_final01/fig06_parameter_to_exposure.py,"outputs/tables/upstream_parameter_fold_errors.csv, per_compound_metrics.csv, decomposition_routing.csv",2026-09-24T03:08:11+00:00
figures/Figure7_allpredicted_overview.pdf,123624,31d05bfaaef21e3eedbec6e8f3afb065b52513dcb30a66bc591578ae2dc18206,analysis/v7.4_final01/build_draft02_si.py (copy + rename),"manuscript/v7.4/figures_round4b/Figure6_allpredicted_overview.* (Round 4B, frozen)",2026-09-23T20:37:47+00:00
figures/Figure7_allpredicted_overview.png,1014386,656530f7e7283f40658633c38b5f1ad32b522fb417ba579e1eb0d1fed47d7886,analysis/v7.4_final01/build_draft02_si.py (copy + rename),"manuscript/v7.4/figures_round4b/Figure6_allpredicted_overview.* (Round 4B, frozen)",2026-09-23T20:37:46+00:00
figures/Figure7_allpredicted_overview.svg,307846,1d3dd58c05a442fa58ae47cf8b62ed554df17131b6279df18da18d7bf1eb3b9b,analysis/v7.4_final01/build_draft02_si.py (copy + rename),"manuscript/v7.4/figures_round4b/Figure6_allpredicted_overview.* (Round 4B, frozen)",2026-09-23T20:37:47+00:00
figures/Figure1_workflow.pdf,35535,42930c3019455c1591e96d41b3bc18c5286e607c2d6536d45f235d4a48b5ff17,analysis/v7.4_final01/build_draft02_si.py (copy),"manuscript/v7.4/figures_round4b/ (Round 4B, frozen)",2026-09-23T20:37:40+00:00
figures/Figure1_workflow.png,221093,a40e25dd48b2a55249ba5298af7576402e66c4e31553638e7a371e0cb39f875b,analysis/v7.4_final01/build_draft02_si.py (copy),"manuscript/v7.4/figures_round4b/ (Round 4B, frozen)",2026-09-23T20:37:39+00:00
figures/Figure1_workflow.svg,15434,8114319c26004ac4d814f8cfa63bc7903d5c149a5d4cbe10d82334f40abb5e63,analysis/v7.4_final01/build_draft02_si.py (copy),"manuscript/v7.4/figures_round4b/ (Round 4B, frozen)",2026-09-23T20:37:40+00:00
figures/Figure2_ml_train_test.pdf,275451,be21f739ea1461963cf423d1e45442c5def58f37c80966f8da0c025933bbe7b2,analysis/v7.4_final01/build_draft02_si.py (copy),"manuscript/v7.4/figures_round4b/ (Round 4B, frozen)",2026-09-24T03:39:31+00:00
figures/Figure2_ml_train_test.png,1461660,d8c1f57642dbd740995e4edc0960f2540233bd751a0904a88d50847adb6f80fd,analysis/v7.4_final01/build_draft02_si.py (copy),"manuscript/v7.4/figures_round4b/ (Round 4B, frozen)",2026-09-24T03:39:31+00:00
figures/Figure2_ml_train_test.svg,634349,786aee9fb6609fab20fb73990659e09a0b3dbf44ffb93ae5a17e91d7fd2f562c,analysis/v7.4_final01/build_draft02_si.py (copy),"manuscript/v7.4/figures_round4b/ (Round 4B, frozen)",2026-09-24T03:39:32+00:00
figures/Figure3_upstream_inputs.pdf,41975,2b04c9ea8a1eaae3734443bc2b9c4f81202972595224bbd4b463341e20552620,analysis/v7.4_final01/build_draft02_si.py (copy),"manuscript/v7.4/figures_round4b/ (Round 4B, frozen)",2026-09-23T20:37:43+00:00
figures/Figure3_upstream_inputs.png,547791,efce2b9a4d1312ade64f27cd4e3cbc3dcdae7cc4e7cc961e519753840f253ed0,analysis/v7.4_final01/build_draft02_si.py (copy),"manuscript/v7.4/figures_round4b/ (Round 4B, frozen)",2026-09-23T20:37:43+00:00
figures/Figure3_upstream_inputs.svg,140774,852df822b264622389f324955f1b4dcd4f9058e4b769521f21108cf159919ae2,analysis/v7.4_final01/build_draft02_si.py (copy),"manuscript/v7.4/figures_round4b/ (Round 4B, frozen)",2026-09-23T20:37:44+00:00
figures/Figure4_pbpk_scenario_overview.pdf,71334,ff9b925290ffd04323937f6bd492b0a3f348d73a6c298ebd7ae3d71f419eda35,analysis/v7.4_final01/build_draft02_si.py (copy),"manuscript/v7.4/figures_round4b/ (Round 4B, frozen)",2026-09-23T20:37:44+00:00
figures/Figure4_pbpk_scenario_overview.png,587221,94d490c1ff3ad66d94b95756a8c99166993258ef60e7f7fb45f408ed762714d5,analysis/v7.4_final01/build_draft02_si.py (copy),"manuscript/v7.4/figures_round4b/ (Round 4B, frozen)",2026-09-23T20:37:44+00:00
figures/Figure4_pbpk_scenario_overview.svg,191007,6144c51165a5f1d875be12177c99e5f05fc67a63150c013831211f182e7afea5,analysis/v7.4_final01/build_draft02_si.py (copy),"manuscript/v7.4/figures_round4b/ (Round 4B, frozen)",2026-09-23T20:37:44+00:00
figures/Figure5_matched_clearance.pdf,39452,b64f90d9e0865af15d240a262230ebee1af6d26aafceb4614509b3f946559e5f,analysis/v7.4_final01/build_draft02_si.py (copy),"manuscript/v7.4/figures_round4b/ (Round 4B, frozen)",2026-09-23T20:37:45+00:00
figures/Figure5_matched_clearance.png,340110,1a69aaede27b96b3620fc82a8e4e8ec1f8a6503002fc2f11d8eac203bdd2b484,analysis/v7.4_final01/build_draft02_si.py (copy),"manuscript/v7.4/figures_round4b/ (Round 4B, frozen)",2026-09-23T20:37:44+00:00
figures/Figure5_matched_clearance.svg,54394,42f9f93f826ed686b9609e1cb74e1c048828ef5fab2396ec5cd5e17a989161c7,analysis/v7.4_final01/build_draft02_si.py (copy),"manuscript/v7.4/figures_round4b/ (Round 4B, frozen)",2026-09-23T20:37:45+00:00
stats/figure6_parameter_to_exposure_spearman.csv,281,764850123f03f2cbb1d4abd6ba6539c8d67f48d398fa0f0dd21a76274a5ed10d,analysis/v7.4_final01/fig06_parameter_to_exposure.py,"recomputed with the same estimator, 10,000-resample bootstrap and seed 20260920 as the SI figures it replaces",2026-09-24T03:08:09+00:00
SI/figures/FigureS01_ml_descriptive.pdf,39459,51e883027703c1c9aa3db48dda1eb5c76c6da9f58f03bbee641ffee45c5c8414,analysis/v7.4_final01/build_draft02_si.py (copy + renumber),manuscript/v7.4/SI/figures/ (Round 4C frozen set),2026-09-24T02:07:56+00:00
SI/figures/FigureS01_ml_descriptive.png,161129,4465f47ffc8d00d27cfc5be12a326ef19476defbb84d9ad23954382babceabe3,analysis/v7.4_final01/build_draft02_si.py (copy + renumber),manuscript/v7.4/SI/figures/ (Round 4C frozen set),2026-09-24T02:07:56+00:00
SI/figures/FigureS01_ml_descriptive.svg,34514,52caba891bd44d8c7c865a37aace32430a0dc5a78601e411b719a9d1943fea7b,analysis/v7.4_final01/build_draft02_si.py (copy + renumber),manuscript/v7.4/SI/figures/ (Round 4C frozen set),2026-09-24T02:07:56+00:00
SI/figures/FigureS02_ml_paired_A_vs_CD.pdf,37263,fce2fd9d391f3d66ec1f158ff44f647972e2688ed26377ce0680e049e9575507,analysis/v7.4_final01/build_draft02_si.py (copy + renumber),manuscript/v7.4/SI/figures/ (Round 4C frozen set),2026-09-24T02:07:56+00:00
SI/figures/FigureS02_ml_paired_A_vs_CD.png,168464,507c8d90c3ee5e37c4ed435c62e6d13e0a4c2e547c2469af4374050b6d460545,analysis/v7.4_final01/build_draft02_si.py (copy + renumber),manuscript/v7.4/SI/figures/ (Round 4C frozen set),2026-09-24T02:07:56+00:00
SI/figures/FigureS02_ml_paired_A_vs_CD.svg,33350,402bf924a676edf344347276fff18c94badb4b6e6f412c3139a04b7fc43311cd,analysis/v7.4_final01/build_draft02_si.py (copy + renumber),manuscript/v7.4/SI/figures/ (Round 4C frozen set),2026-09-24T02:07:56+00:00
SI/figures/FigureS03_ml_paired_A_vs_EFG.pdf,39715,913d49ee471205e1d3bb16cfe70220cde93f9c999d57a77059e058411c03c762,analysis/v7.4_final01/build_draft02_si.py (copy + renumber),manuscript/v7.4/SI/figures/ (Round 4C frozen set),2026-09-24T02:07:56+00:00
SI/figures/FigureS03_ml_paired_A_vs_EFG.png,197824,3a8163beb87ca1ab9470771b8e2f352fdd454c8aa00eaec58d0700d871d74eef,analysis/v7.4_final01/build_draft02_si.py (copy + renumber),manuscript/v7.4/SI/figures/ (Round 4C frozen set),2026-09-24T02:07:56+00:00
SI/figures/FigureS03_ml_paired_A_vs_EFG.svg,40135,3005c07a9ec8718e61da3c5d4e05e0bdf96c4f1d63ad0614f9ecdf75ae5597a3,analysis/v7.4_final01/build_draft02_si.py (copy + renumber),manuscript/v7.4/SI/figures/ (Round 4C frozen set),2026-09-24T02:07:56+00:00
SI/figures/FigureS04_ml_paired_forest.pdf,39361,08524a6c59894360a2960ce657fde51e9f7e3f3d93e626e7925334c6662265ac,analysis/v7.4_final01/build_draft02_si.py (copy + renumber),manuscript/v7.4/SI/figures/ (Round 4C frozen set),2026-09-24T02:07:56+00:00
SI/figures/FigureS04_ml_paired_forest.png,225618,32744159f94aa25798ab6fc8f7437207d3e7ae16561b308361f502fbbdc3ad12,analysis/v7.4_final01/build_draft02_si.py (copy + renumber),manuscript/v7.4/SI/figures/ (Round 4C frozen set),2026-09-24T02:07:56+00:00
SI/figures/FigureS04_ml_paired_forest.svg,30621,0e034f616fb3286d72b42608bbf67652df04a9a99287386116515e0b416da116,analysis/v7.4_final01/build_draft02_si.py (copy + renumber),manuscript/v7.4/SI/figures/ (Round 4C frozen set),2026-09-24T02:07:56+00:00
SI/figures/FigureS05_ct_library_model_part1.pdf,127319,29a83649a9af3ae0aefe13d118239af857fbea4742b7d786087463d782be2761,analysis/v7.4_final01/build_draft02_si.py (copy + renumber),manuscript/v7.4/SI/figures/ (Round 4C frozen set),2026-09-24T02:07:56+00:00
SI/figures/FigureS05_ct_library_model_part1.png,1048171,3ee917215c3273e08ac37c28f965f01f2e927365ab7f1e4b4bdeef85276573fe,analysis/v7.4_final01/build_draft02_si.py (copy + renumber),manuscript/v7.4/SI/figures/ (Round 4C frozen set),2026-09-24T02:07:56+00:00
SI/figures/FigureS05_ct_library_model_part1.svg,497733,39555a572ac1571cbbf192c6372a725efd0088439b0c4bc69cee63ca755a5d86,analysis/v7.4_final01/build_draft02_si.py (copy + renumber),manuscript/v7.4/SI/figures/ (Round 4C frozen set),2026-09-24T02:07:56+00:00
SI/figures/FigureS05_ct_library_model_part2.pdf,125728,fe11a497fc0532cd705331c136e917855b67477161379670247c479389e6aa56,analysis/v7.4_final01/build_draft02_si.py (copy + renumber),manuscript/v7.4/SI/figures/ (Round 4C frozen set),2026-09-24T02:07:56+00:00
SI/figures/FigureS05_ct_library_model_part2.png,1022867,732e199919d479f80e8e481f9b8e820b043b97edcbaf89b6a3ce1f79e745a995,analysis/v7.4_final01/build_draft02_si.py (copy + renumber),manuscript/v7.4/SI/figures/ (Round 4C frozen set),2026-09-24T02:07:56+00:00
SI/figures/FigureS05_ct_library_model_part2.svg,474517,aeab6224ceed533125c8978b5a2d95003e54f5fc3f0d83dee5aea37ed690e410,analysis/v7.4_final01/build_draft02_si.py (copy + renumber),manuscript/v7.4/SI/figures/ (Round 4C frozen set),2026-09-24T02:07:56+00:00
SI/figures/FigureS06_ct_observed_input_part1.pdf,126678,731aed0c79a41c0210d9a4e6614a87931965f3a270cdf6307c116ff3eca641b3,analysis/v7.4_final01/build_draft02_si.py (copy + renumber),manuscript/v7.4/SI/figures/ (Round 4C frozen set),2026-09-24T02:07:56+00:00
SI/figures/FigureS06_ct_observed_input_part1.png,1047773,127321e62009d62068e8833d8788126d5b2bcb6cfec82adc287d8f3769fcb07a,analysis/v7.4_final01/build_draft02_si.py (copy + renumber),manuscript/v7.4/SI/figures/ (Round 4C frozen set),2026-09-24T02:07:56+00:00
SI/figures/FigureS06_ct_observed_input_part1.svg,485105,5a04a4c597e1cbebc8e0a6329acec5a496af5a9d515a5501c147eec0b2d7da30,analysis/v7.4_final01/build_draft02_si.py (copy + renumber),manuscript/v7.4/SI/figures/ (Round 4C frozen set),2026-09-24T02:07:56+00:00
SI/figures/FigureS06_ct_observed_input_part2.pdf,122398,1863e586dec7198750360b235b536d2a9b345154ff51201e33d9200962286815,analysis/v7.4_final01/build_draft02_si.py (copy + renumber),manuscript/v7.4/SI/figures/ (Round 4C frozen set),2026-09-24T02:07:56+00:00
SI/figures/FigureS06_ct_observed_input_part2.png,1037241,5aa6add2fbd4ea4c419c425a1f939e057fda7ef99bf0136230d009c87a31f818,analysis/v7.4_final01/build_draft02_si.py (copy + renumber),manuscript/v7.4/SI/figures/ (Round 4C frozen set),2026-09-24T02:07:56+00:00
SI/figures/FigureS06_ct_observed_input_part2.svg,451271,c6fccce481a24bbcc3abb73a50ae19f77caa310bdacc5654ae4439b243c73185,analysis/v7.4_final01/build_draft02_si.py (copy + renumber),manuscript/v7.4/SI/figures/ (Round 4C frozen set),2026-09-24T02:07:56+00:00
SI/figures/FigureS07_ct_clint_template_renal_part1.pdf,128131,47d87bd537c74c4bf52eb1fc94387afa4d1d1fb81b19caae8f90984eed601780,analysis/v7.4_final01/build_draft02_si.py (copy + renumber),manuscript/v7.4/SI/figures/ (Round 4C frozen set),2026-09-24T02:07:56+00:00
SI/figures/FigureS07_ct_clint_template_renal_part1.png,1069222,523f0343737719f3204c9cbdebf98e46a9fd0c10723847445890931aefbda523,analysis/v7.4_final01/build_draft02_si.py (copy + renumber),manuscript/v7.4/SI/figures/ (Round 4C frozen set),2026-09-24T02:07:56+00:00
SI/figures/FigureS07_ct_clint_template_renal_part1.svg,500940,0a0ccabf0c342ab011ed70641e8d6eca202c753a1b35b6b98bbd889d78324761,analysis/v7.4_final01/build_draft02_si.py (copy + renumber),manuscript/v7.4/SI/figures/ (Round 4C frozen set),2026-09-24T02:07:56+00:00
SI/figures/FigureS07_ct_clint_template_renal_part2.pdf,118280,04ed6f31212bebe8b53429400f19069789adfea69c8aa942fe59090929463a26,analysis/v7.4_final01/build_draft02_si.py (copy + renumber),manuscript/v7.4/SI/figures/ (Round 4C frozen set),2026-09-24T02:07:56+00:00
SI/figures/FigureS07_ct_clint_template_renal_part2.png,1048416,bfab55000336ba445d89c84da8898d704f1672f22ede33f771e1a9922a6cf9eb,analysis/v7.4_final01/build_draft02_si.py (copy + renumber),manuscript/v7.4/SI/figures/ (Round 4C frozen set),2026-09-24T02:07:56+00:00
SI/figures/FigureS07_ct_clint_template_renal_part2.svg,472839,ce4c4977d592f7a901a82b72e6800b73d77ef80607a05b4c5c6ea4cec2ce651f,analysis/v7.4_final01/build_draft02_si.py (copy + renumber),manuscript/v7.4/SI/figures/ (Round 4C frozen set),2026-09-24T02:07:56+00:00
SI/figures/FigureS08_ct_dlml_clsys_part1.pdf,126272,7be8df1ffeef2d9589c53f6b2d9ee22ec2fa06c652a553c62e75c6b1df02ef55,analysis/v7.4_final01/build_draft02_si.py (copy + renumber),manuscript/v7.4/SI/figures/ (Round 4C frozen set),2026-09-24T02:07:56+00:00
SI/figures/FigureS08_ct_dlml_clsys_part1.png,1044411,3de024e0e13d3d68ced9510b43b0b1acbaca12a77b162c81ab6b4be91cea2392,analysis/v7.4_final01/build_draft02_si.py (copy + renumber),manuscript/v7.4/SI/figures/ (Round 4C frozen set),2026-09-24T02:07:56+00:00
SI/figures/FigureS08_ct_dlml_clsys_part1.svg,475228,bb6c9f6d4c176114f34de6dcffea2009712e7f1ddb7e52d2f41bc6dc0f278196,analysis/v7.4_final01/build_draft02_si.py (copy + renumber),manuscript/v7.4/SI/figures/ (Round 4C frozen set),2026-09-24T02:07:56+00:00
SI/figures/FigureS08_ct_dlml_clsys_part2.pdf,119633,c2411e791147235101d3ea2fd0d740a455d554f7f1012b3434407a37a1b5a77a,analysis/v7.4_final01/build_draft02_si.py (copy + renumber),manuscript/v7.4/SI/figures/ (Round 4C frozen set),2026-09-24T02:07:56+00:00
SI/figures/FigureS08_ct_dlml_clsys_part2.png,1035472,eb3ea288a8747ba222b875df666614f8d50b847cce17c7489258189e1315b85b,analysis/v7.4_final01/build_draft02_si.py (copy + renumber),manuscript/v7.4/SI/figures/ (Round 4C frozen set),2026-09-24T02:07:56+00:00
SI/figures/FigureS08_ct_dlml_clsys_part2.svg,453729,98897b1d2d46f781afaff9ecbfc18cf81968c332e7b677a56da6ea39cb6cc5ef,analysis/v7.4_final01/build_draft02_si.py (copy + renumber),manuscript/v7.4/SI/figures/ (Round 4C frozen set),2026-09-24T02:07:56+00:00
SI/figures/FigureS09_ct_all_predicted_part1.pdf,127296,5e7a3fdd306397a82d8b4f0534e6c6b3f1ff35fc192a83a27670a56a8a22a1d1,analysis/v7.4_final01/build_draft02_si.py (copy + renumber),manuscript/v7.4/SI/figures/ (Round 4C frozen set),2026-09-24T02:07:56+00:00
SI/figures/FigureS09_ct_all_predicted_part1.png,1029663,2b9698c3a7ae3125ec6261e1ff3104bf953c0e91084b4e3616e184870810c838,analysis/v7.4_final01/build_draft02_si.py (copy + renumber),manuscript/v7.4/SI/figures/ (Round 4C frozen set),2026-09-24T02:07:56+00:00
SI/figures/FigureS09_ct_all_predicted_part1.svg,472897,fd6a21fc37616f32fcc336fd910fe12de1d7ef0823133699f96374cb6899ec86,analysis/v7.4_final01/build_draft02_si.py (copy + renumber),manuscript/v7.4/SI/figures/ (Round 4C frozen set),2026-09-24T02:07:56+00:00
SI/figures/FigureS09_ct_all_predicted_part2.pdf,121462,4a4a279b569b3babe8bf0bbbf60086c622541de1f07d74039b77f1cdc047bcf4,analysis/v7.4_final01/build_draft02_si.py (copy + renumber),manuscript/v7.4/SI/figures/ (Round 4C frozen set),2026-09-24T02:07:56+00:00
SI/figures/FigureS09_ct_all_predicted_part2.png,1029419,31c3e70b3008272b35c759917c8ea4f82c2c7ea59831e86c4cc62e259579f9bc,analysis/v7.4_final01/build_draft02_si.py (copy + renumber),manuscript/v7.4/SI/figures/ (Round 4C frozen set),2026-09-24T02:07:56+00:00
SI/figures/FigureS09_ct_all_predicted_part2.svg,461497,484685facd6250926476cc160158783c3a7dfb1f13c7b7442d378fb3684ffbdb,analysis/v7.4_final01/build_draft02_si.py (copy + renumber),manuscript/v7.4/SI/figures/ (Round 4C frozen set),2026-09-24T02:07:56+00:00
SI/figures/FigureS10_compound_heterogeneity.pdf,53641,d5760c965c222466903484a624450e6852c48c459c38aaaaa8f08cfd2cf8e1ff,analysis/v7.4_final01/build_draft02_si.py (copy + renumber),manuscript/v7.4/SI/figures/ (Round 4C frozen set),2026-09-24T02:07:56+00:00
SI/figures/FigureS10_compound_heterogeneity.png,520588,6a9c9317803ea733d6dd6e4a79ea5521ac10ad922268665b61b31cdcdc6ef95a,analysis/v7.4_final01/build_draft02_si.py (copy + renumber),manuscript/v7.4/SI/figures/ (Round 4C frozen set),2026-09-24T02:07:56+00:00
SI/figures/FigureS10_compound_heterogeneity.svg,63977,c16f848b6b18e72951cee887be71027a094bbb3c9ca7847f0daa44e6f30f9c4e,analysis/v7.4_final01/build_draft02_si.py (copy + renumber),manuscript/v7.4/SI/figures/ (Round 4C frozen set),2026-09-24T02:07:56+00:00
SI/figures/FigureS11_heatmap_logNRMSE.pdf,167042,626495a13454ec34c18ee888796746fdf1d14c0b1438ac540cb47cf131182147,analysis/v7.4_final01/build_draft02_si.py (copy + renumber),manuscript/v7.4/SI/figures/ (Round 4C frozen set),2026-09-24T02:07:56+00:00
SI/figures/FigureS11_heatmap_logNRMSE.png,846341,ae851e4c5f8a2cfd2c943bf1d90700837dd7e79f045cafd9fbc02c1da1af737c,analysis/v7.4_final01/build_draft02_si.py (copy + renumber),manuscript/v7.4/SI/figures/ (Round 4C frozen set),2026-09-24T02:07:56+00:00
SI/figures/FigureS11_heatmap_logNRMSE.svg,143132,86f16d3cd786ddfd5a1502fe2e8bf3b3d129fe704e738127dc08cc8be7d7e554,analysis/v7.4_final01/build_draft02_si.py (copy + renumber),manuscript/v7.4/SI/figures/ (Round 4C frozen set),2026-09-24T02:07:56+00:00
SI/figures/FigureS12_heatmap_RMSE_log10.pdf,167238,58deece981de04f84f6dd4ccc4aebfc9b8b7d026fa2da0305c40ff92568c3c82,analysis/v7.4_final01/build_draft02_si.py (copy + renumber),manuscript/v7.4/SI/figures/ (Round 4C frozen set),2026-09-24T02:07:56+00:00
SI/figures/FigureS12_heatmap_RMSE_log10.png,858713,0d2cfc15a7ab7977829d5af161da7208183104a88af9af3d8f7cb1f4ef53ea52,analysis/v7.4_final01/build_draft02_si.py (copy + renumber),manuscript/v7.4/SI/figures/ (Round 4C frozen set),2026-09-24T02:07:56+00:00
SI/figures/FigureS12_heatmap_RMSE_log10.svg,145611,fae84e098b59af13839a4af465b0877fe3d1d90e13a1353520180c9c45382c27,analysis/v7.4_final01/build_draft02_si.py (copy + renumber),manuscript/v7.4/SI/figures/ (Round 4C frozen set),2026-09-24T02:07:56+00:00
SI/figures/FigureS13_error_distributions_all_scenarios.pdf,73701,deba203925184616cb4b86c28d8e710ed1605801cf50bc0f217573ac7c6c1257,analysis/v7.4_final01/build_draft02_si.py (copy + renumber),manuscript/v7.4/SI/figures/ (Round 4C frozen set),2026-09-24T02:07:56+00:00
SI/figures/FigureS13_error_distributions_all_scenarios.png,654267,49f615b919f09a51c87af6eb545d130087803c07a6a454e33843a25e67d35160,analysis/v7.4_final01/build_draft02_si.py (copy + renumber),manuscript/v7.4/SI/figures/ (Round 4C frozen set),2026-09-24T02:07:56+00:00
SI/figures/FigureS13_error_distributions_all_scenarios.svg,307014,326aa2aa26d6a896119038cd6b6506a34a9f3a220ae2708fd5faaa35384d945d,analysis/v7.4_final01/build_draft02_si.py (copy + renumber),manuscript/v7.4/SI/figures/ (Round 4C frozen set),2026-09-24T02:07:56+00:00
SI/figures/FigureS14_alt_input_substitution_branches.pdf,43145,98ac90d573764c3583de0cb6794336c3fca3732b37fbcbf2a756321c12882c5a,analysis/v7.4_final01/build_draft02_si.py (copy + renumber),manuscript/v7.4/SI/figures/ (Round 4C frozen set),2026-09-24T02:07:56+00:00
SI/figures/FigureS14_alt_input_substitution_branches.png,313413,d28125a4fc8dc6af848154b44889727eee73dc95c299768169452a780a945413,analysis/v7.4_final01/build_draft02_si.py (copy + renumber),manuscript/v7.4/SI/figures/ (Round 4C frozen set),2026-09-24T02:07:56+00:00
SI/figures/FigureS14_alt_input_substitution_branches.svg,57678,de6cc916ca9489953d2e85d222e67dc426c870b16bac451e4a3613407d72bdf4,analysis/v7.4_final01/build_draft02_si.py (copy + renumber),manuscript/v7.4/SI/figures/ (Round 4C frozen set),2026-09-24T02:07:56+00:00
SI/figures/FigureS15_cmax_structure.pdf,42809,f223d4e74b912bb60d71252380b590e52edf1d6137253d9fb05b0eedab23a88e,analysis/v7.4_final01/build_draft02_si.py (copy + renumber),manuscript/v7.4/SI/figures/ (Round 4C frozen set),2026-09-24T02:07:56+00:00
SI/figures/FigureS15_cmax_structure.png,593166,e1401c30e679754b8d2e86093a00d2285e0ae3268cb01c692c6f2b73a889b68f,analysis/v7.4_final01/build_draft02_si.py (copy + renumber),manuscript/v7.4/SI/figures/ (Round 4C frozen set),2026-09-24T02:07:56+00:00
SI/figures/FigureS15_cmax_structure.svg,108746,d6ee863beeec0e59babec940ae85cab6a168883c7b0bf4c254ec13f5eb7eb1a5,analysis/v7.4_final01/build_draft02_si.py (copy + renumber),manuscript/v7.4/SI/figures/ (Round 4C frozen set),2026-09-24T02:07:56+00:00
SI/figures/FigureS16_cmax_readout.pdf,43211,f418ee0cee018cb32eacab7b8bfd2da0d702582e6218b64b55c832a5b77bc7ff,analysis/v7.4_final01/build_draft02_si.py (copy + renumber),manuscript/v7.4/SI/figures/ (Round 4C frozen set),2026-09-24T02:07:56+00:00
SI/figures/FigureS16_cmax_readout.png,379014,79e1ef8bfe91079f78ab4781df14df6d8eec92ad24f64f3a3c753b98793c6b09,analysis/v7.4_final01/build_draft02_si.py (copy + renumber),manuscript/v7.4/SI/figures/ (Round 4C frozen set),2026-09-24T02:07:56+00:00
SI/figures/FigureS16_cmax_readout.svg,59165,fe206f7ea59bb63f503ca75f60bf5c0a85041e507bdecd300743f8b8d197b932,analysis/v7.4_final01/build_draft02_si.py (copy + renumber),manuscript/v7.4/SI/figures/ (Round 4C frozen set),2026-09-24T02:07:56+00:00
SI/figures/FigureS17_applicability_domain.pdf,55151,de86d7b12e97f293b40ee3a31f1d138047f0c86b2c733e32713794b028182316,analysis/v7.4_final01/build_draft02_si.py (copy + renumber),manuscript/v7.4/SI/figures/ (Round 4C frozen set),2026-09-24T02:07:56+00:00
SI/figures/FigureS17_applicability_domain.png,594879,0f70ee312426deda0762ccd4064f9ed5b8dd3622cb90431ac86b104e5c59f0f5,analysis/v7.4_final01/build_draft02_si.py (copy + renumber),manuscript/v7.4/SI/figures/ (Round 4C frozen set),2026-09-24T02:07:56+00:00
SI/figures/FigureS17_applicability_domain.svg,189283,c270181d331f0afb068c202a064a1551ef1b845d6668350f0f58b964201e34c2,analysis/v7.4_final01/build_draft02_si.py (copy + renumber),manuscript/v7.4/SI/figures/ (Round 4C frozen set),2026-09-24T02:07:56+00:00
SI/figures/FigureS18_ECCS_matched_delta.pdf,39708,e8363c91ca3e326b90a5c0ff6547af03c93bd4f8aac3a5c88c8fe0d8ac0c7836,analysis/v7.4_final01/build_draft02_si.py (copy + renumber),manuscript/v7.4/SI/figures/ (Round 4C frozen set),2026-09-24T02:07:56+00:00
SI/figures/FigureS18_ECCS_matched_delta.png,215941,70280b2d792eb06017c1035021f692e42e8276591ae094a389c9d9512ae2b532,analysis/v7.4_final01/build_draft02_si.py (copy + renumber),manuscript/v7.4/SI/figures/ (Round 4C frozen set),2026-09-24T02:07:56+00:00
SI/figures/FigureS18_ECCS_matched_delta.svg,59270,9988f9e56d61d7d8c5138acd49d33f63bd3426f74944e57d07ccf5a51a60e832,analysis/v7.4_final01/build_draft02_si.py (copy + renumber),manuscript/v7.4/SI/figures/ (Round 4C frozen set),2026-09-24T02:07:56+00:00
SI/figures/FigureS19_strata_matched_delta_AUC.pdf,48167,36195bdbf939adcc0da0a9e19b142218ea37e052f9021af73960ff51c054fa95,analysis/v7.4_final01/build_draft02_si.py (copy + renumber),manuscript/v7.4/SI/figures/ (Round 4C frozen set),2026-09-24T02:07:56+00:00
SI/figures/FigureS19_strata_matched_delta_AUC.png,340686,8bb11cba5da4392208516e88e729cf57d212dcd3c4a2a9223a46ce810cb5ca68,analysis/v7.4_final01/build_draft02_si.py (copy + renumber),manuscript/v7.4/SI/figures/ (Round 4C frozen set),2026-09-24T02:07:56+00:00
SI/figures/FigureS19_strata_matched_delta_AUC.svg,79399,68185b35018dc291c698a24f8946fc91d0a59887d3db067afa1959cf078022fe,analysis/v7.4_final01/build_draft02_si.py (copy + renumber),manuscript/v7.4/SI/figures/ (Round 4C frozen set),2026-09-24T02:07:56+00:00
SI/figures/FigureS20_ECCS_cost_of_predicted_CLsys.pdf,41005,64c694e5b33216dc032c69a2e8673e442b27ea57ffc67dc6b474ab7cbd709203,analysis/v7.4_final01/build_draft02_si.py (copy + renumber),manuscript/v7.4/SI/figures/ (Round 4C frozen set),2026-09-24T02:07:56+00:00
SI/figures/FigureS20_ECCS_cost_of_predicted_CLsys.png,232372,6a399fe287afc49bdd60ad1466cf1a7b8d0f31aeb448c9f0914a2b1ae777a22d,analysis/v7.4_final01/build_draft02_si.py (copy + renumber),manuscript/v7.4/SI/figures/ (Round 4C frozen set),2026-09-24T02:07:56+00:00
SI/figures/FigureS20_ECCS_cost_of_predicted_CLsys.svg,57690,e475bb58ff8868e08d814b0170c317122300235b4bc0d9d478fa23a2279c116c,analysis/v7.4_final01/build_draft02_si.py (copy + renumber),manuscript/v7.4/SI/figures/ (Round 4C frozen set),2026-09-24T02:07:56+00:00
SI/tables/S10_applicability_domain.md,458,39c6753320c6534c46b22a1ee7214d4cbd21ae8b65e79d277c629234e5a0342b,analysis/v7.4_final01/build_draft02_si.py (copy),manuscript/v7.4/SI/tables/ (from manuscript/v4/SI),2026-09-24T02:07:56+00:00
SI/tables/S11_clearance_hierarchy.md,2691,eb6347f1d75bb736c2330f63ef1275516d852c704ea84be150c815eb1ad30b0d,analysis/v7.4_final01/build_draft02_si.py (copy),manuscript/v7.4/SI/tables/ (from manuscript/v4/SI),2026-09-24T02:07:56+00:00
SI/tables/S12_ECCS_matched.md,1492,5be9cadeac1e31227e3df87cb432450cce740395be7288ef03e91a9dbbed5cf0,analysis/v7.4_final01/build_draft02_si.py (copy),manuscript/v7.4/SI/tables/ (from manuscript/v4/SI),2026-09-24T02:07:56+00:00
SI/tables/S13_strata_kruskal.md,998,c6229e2b5b49b5929b31d5d45252c72d848426e81b6667030afcbdbce091b158,analysis/v7.4_final01/build_draft02_si.py (copy),manuscript/v7.4/SI/tables/ (from manuscript/v4/SI),2026-09-24T02:07:56+00:00
SI/tables/S2_ml_paired.md,2351,4fbe4ad9833a4e5c6b73c3652aed681b9ca3738ab9c96905b5d2a3147b9e81a1,analysis/v7.4_final01/build_draft02_si.py (copy),manuscript/v7.4/SI/tables/ (from manuscript/v4/SI),2026-09-24T02:07:56+00:00
SI/tables/S4_encoder_exposure.md,730,9ddce3bab31388f4a2d1ba804908bdab135ccb549cee4859f22d99bf4ef6a235,analysis/v7.4_final01/build_draft02_si.py (copy),manuscript/v7.4/SI/tables/ (from manuscript/v4/SI),2026-09-24T02:07:56+00:00
SI/tables/S7_master41.md,4953,4dd46c9dd7e93f8fe667eb94705edcf3ef5a45c8d802672c046a39d5b3379929,analysis/v7.4_final01/build_draft02_si.py (copy),manuscript/v7.4/SI/tables/ (from manuscript/v4/SI),2026-09-24T02:07:56+00:00
SI/tables/S8_pbpk_paired.md,6243,fc44ab4b01cd45cc84318cc24bb304f88b0334dbfb711dc2a513dff4567e7b26,analysis/v7.4_final01/build_draft02_si.py (copy),manuscript/v7.4/SI/tables/ (from manuscript/v4/SI),2026-09-24T02:07:56+00:00
SI/tables/S9_ct_sensitivity.md,1232,0c4dbdf5b456bbb8e06c313db0c9c9f975772c3edaeece6cd08c1d3a97ea7434,analysis/v7.4_final01/build_draft02_si.py (copy),manuscript/v7.4/SI/tables/ (from manuscript/v4/SI),2026-09-24T02:07:56+00:00
SI/src/body_si.md,42056,97d9e9fd164461315b775c1b9cde1bcd00dd848768528b747c1ff7bc65074739,analysis/v7.4_final01/build_draft02_si.py,manuscript/v7.4/SI/src/body_si.md + the draft_02 remap in analysis/v7.4_final01/draft02_map.py,2026-09-24T03:16:47+00:00
SI/Supplementary_Information_v74b.docx,19929794,4a73c1ebfa02b324bd90603c38625a3aafe8234d364cd2208fb32adb07cb98a9,analysis/v7.4_final01/build_draft02_si.py,SI/src/body_si.md + SI/tables/*.md; .docx templated on manuscript/Supplementary Information v7.2.docx,2026-09-24T03:16:53+00:00
SI/Supplementary_Information_v74b.md,64016,ca3a7cac744eecd5bfdbd310b3e6f078083130d99b21f27f29547e6ec1845863,analysis/v7.4_final01/build_draft02_si.py,SI/src/body_si.md + SI/tables/*.md; .docx templated on manuscript/Supplementary Information v7.2.docx,2026-09-24T03:16:47+00:00
SI/Supplementary_Information_v74b.pdf,17869332,e3c96e295085c38304dcce258863026f12ab21c52139073de59ba68e4ae393cf,analysis/v7.4_final01/build_draft02_si.py,SI/src/body_si.md + SI/tables/*.md; .docx templated on manuscript/Supplementary Information v7.2.docx,2026-09-24T03:17:05+00:00
maintext/body_methods.md,25693,2662059c24be5dcf42fefbced91f8410a16d67f24ee58a3ac91ea361da641454,"analysis/v7.4_final01/build_draft02_maintext.py, then analysis/v7.4_final01/fix_sources_round5c.py",manuscript/v7.4/final_01/src/body_*.md; Round 5C terminology sweep and citation corrections applied,2026-09-24T05:54:41+00:00
maintext/body_results.md,22378,677a06ae1f95869a143fa3147dfa717ac2c03b2576e0130719588ef9aa8c218c,"analysis/v7.4_final01/build_draft02_maintext.py, then analysis/v7.4_final01/fix_sources_round5c.py",manuscript/v7.4/final_01/src/body_*.md; Round 5C terminology sweep and citation corrections applied,2026-09-24T05:54:41+00:00
maintext/v7.4_methods_results_draft02.md,53816,58eb69fe8c3effedb36c6fa4313ca19e5a9dfd9c43e05db980429b5fa46167c5,analysis/v7.4_final01/build_draft02_maintext.py,the draft_02 bodies with the frozen Round 4C captions resolved,2026-09-24T05:54:41+00:00
maintext/v7.4_methods_results_draft02.docx,7222175,7351cbc8cdf05b8c1d1783d8432ed4e99beaaf2b4bb4adf7316c394460bdea87,analysis/v7.4_final01/build_draft02_maintext.py,surgical edit of manuscript/v7.4/final_01/draft/v7.4_methods_results.docx (equations preserved),2026-09-24T05:54:42+00:00
display/FIGURE_maintext_draft02.docx,4238607,bace06856a5a9dac5ad97a882949bca6f361833477baa53033b9e8904e7a503f,analysis/v7.4_final01/build_draft02_display.py,draft_02/figures/ + the approved captions; templated on final_01/sources/tables/TABLE_maintext.docx,2026-09-24T05:54:42+00:00
display/TABLE_maintext_draft02.docx,21611,536e3d1b87eef6507c270cfcac46df8c58e10327eb5967061c2bd7462a2897e1,analysis/v7.4_final01/build_draft02_display.py,tables copied from maintext/v7.4_methods_results_draft02.docx; same template,2026-09-24T05:54:42+00:00
discussion/v7.4_discussion_round5c.docx,3978366,3e7c16df1690aa35c0ec1e16155a8b8eeca1087f158db9238a67ed61ec7fa348,analysis/v7.4_final01/build_discussion_round5c.py,"surgical edit of draft_02/revised ACS JCIM v7.4.docx (Discussion only; EndNote fields deep-copied, references untouched); content per framing/round5c_framing_plan_v2_guardrailed.md",2026-09-25T02:55:45+00:00
discussion/v7.4_discussion_round5c_highlighted.docx,3978953,5c3763171f29d585cf7b76ce575d7b39a228addaa97204396414f2bfbd75f7da,analysis/v7.4_final01/build_discussion_round5c.py,word-level diff of the same build against draft_02/revised ACS JCIM v7.4.docx,2026-09-25T02:55:45+00:00
revised ACS JCIM v8.0.docx,4005814,19dcc3ce3ae8fed3ab9f85f261d63124e4d466c62db5fe737aa85c1824d010bf,author-supplied (uploaded 2026-09-24 16:49),"61 references, EndNote numbering of record; adopts the frozen Round 5C Discussion",2026-09-24T20:49:59+00:00
v8_framing/v8.0_abstract_conclusions.docx,3982177,dfd86e95bd7bdfce6806dd4ac1445309b35cc8aaebb9394718574cac89961e21,analysis/v7.4_final01/build_abstract_conclusions_v8.py,"surgical edit of revised ACS JCIM v8.0.docx (Abstract paragraphs and Conclusions only); upstream-to-downstream narrative, numbers restricted to those v8.0's own Results reports",2026-09-24T20:55:50+00:00
v8_framing/v8.0_abstract_conclusions_highlighted.docx,3983219,ce133236570377ef25619d3a0e8655d64302c0fd016e22ae60cb46d214c3438d,analysis/v7.4_final01/build_abstract_conclusions_v8.py,word-level diff of the same build against revised ACS JCIM v8.0.docx,2026-09-24T20:55:50+00:00
v8_framing/v8.0_abstract_conclusions.pdf,5311392,eece9e6ff0e61d987111b7cefd186bdf37ed82a8f70150782c26168aa41f3eb3,Microsoft Word export,"the corresponding .docx; verified by reading the PDF text, not by file size",2026-09-24T20:56:30+00:00
v8_framing/v8.0_abstract_conclusions_highlighted.pdf,5319603,456a5994c2be987adf1505ef4dda6b7e34d5fdf744a1271cbdf6c58a48c60b8b,Microsoft Word export,"the corresponding .docx; verified by reading the PDF text, not by file size",2026-09-24T20:56:44+00:00
v8_framing/v8.0_framing_full.docx,3982665,adf69528304d4cd46d8dc5db1b9693185695131819b7da0b172c7ab7bba4c4e0,analysis/v7.4_final01/build_figure1_intro_v8.py,v8_framing/v8.0_abstract_conclusions.docx with the FIGURE 1 caption rewritten to the four panels and the two objectives restored in the paragraph that introduces the figure,2026-09-25T02:55:45+00:00
v8_framing/v8.0_framing_full_highlighted.docx,3982822,cc7ce536f2a59d36dd63ce0d2f887d1091465a2357e087dfb71cbbfd841807db,analysis/v7.4_final01/build_figure1_intro_v8.py,word-level diff of the same build against v8.0_abstract_conclusions.docx,2026-09-25T02:55:45+00:00
v8_framing/v8.0_framing_full.pdf,5330245,9312fe68c1217a7f5865113f5a74c2418cc0f0c83655b231c89f688a9f0bcf60,Microsoft Word export,the corresponding .docx; verified by reading the PDF text,2026-09-25T02:56:51+00:00
v8_framing/v8.0_framing_full_highlighted.pdf,5332210,803b652a3028aa58bcc83658afae569363d31c3559c587bda45aba9bc69b2359,Microsoft Word export,the corresponding .docx; verified by reading the PDF text,2026-09-25T02:56:53+00:00
v8_framing/CHANGELOG_v8_abstract_conclusions.md,4912,701ecd3fdbebf33affe7ee129aa8166f68bfc639a66b53c090ed60631666cdaf,hand-authored (not regenerated by any script),the v8.0 framing rewrite; verified by analysis/v7.4_final01/qc_abstract_conclusions_v8.py,2026-09-24T20:56:30+00:00
frozen/DISCUSSION_FROZEN_2026-09-24.docx,3978410,e096f89e1529bfc705d721c4be66e2494de295d49b7ad15ff0e39552ae49a166,snapshot of discussion/v7.4_discussion_round5c.docx,the DISCUSSION as frozen by the author on 2026-09-24; the framing build reads it as its baseline,2026-09-24T15:33:28+00:00
frozen/DISCUSSION_FROZEN_2026-09-24.md,17963,aa54103c4a5692d82f534f8f563622e1d50e5e1c779f281dd8ef1cc50b9ffcd1,snapshot of discussion/v7.4_discussion_round5c.md,"the same freeze, as markdown",2026-09-24T15:33:28+00:00
framing_draft/v7.4_framing_round5c.docx,3977833,bbb2c89ab8ac748dfa9cf3da0d867a3e96b23d28f1aa89d3f4ef09dc117455cc,analysis/v7.4_final01/build_framing_round5c.py,"surgical edit of discussion/v7.4_discussion_round5c.docx (Abstract, Introduction and Conclusions only; EndNote fields preserved by run-span substitution); content per framing/round5c_framing_plan_v2_guardrailed.md",2026-09-25T02:56:18+00:00
framing_draft/v7.4_framing_round5c_highlighted.docx,3979185,812754331dbdac49bef149832bf7262963c8e63452ad91fafd8eee573277217e,analysis/v7.4_final01/build_framing_round5c.py,word-level diff of the same build against the frozen Discussion manuscript,2026-09-25T02:56:18+00:00
framing_draft/v7.4_framing_round5c.md,12444,5cced3a8a88c27e6670a0f3a3027eed3ac0ee642a131b931298445a493ebedb9,analysis/v7.4_final01/build_framing_round5c.py,read back from framing_draft/v7.4_framing_round5c.docx; subscript and EndNote runs kept as markup,2026-09-25T02:56:18+00:00
framing_draft/v7.4_framing_round5c.pdf,5297285,f7c287e983de7844654e718a208bdbeaa3eb14e2da97786d11796495401983a0,Microsoft Word export,the corresponding .docx in this folder,2026-09-24T15:45:12+00:00
framing_draft/v7.4_framing_round5c_highlighted.pdf,5306769,9610e55d72702a3710f9dc3958f61763aaee91fc906fd31cf32fa2dee5654b07,Microsoft Word export,the corresponding .docx in this folder,2026-09-24T15:45:28+00:00
framing_draft/CHANGELOG_framing.md,8249,bd4a38d77f06047500fef1beb22de7c321dd1349aaf5f3dd95e38115d67c6d31,hand-authored (not regenerated by any script),the Round 5C framing build; verified by analysis/v7.4_final01/qc_framing_round5c_final.py,2026-09-24T15:39:03+00:00
discussion/v7.4_discussion_round5c.md,17963,aa54103c4a5692d82f534f8f563622e1d50e5e1c779f281dd8ef1cc50b9ffcd1,analysis/v7.4_final01/build_discussion_round5c.py,read back from discussion/v7.4_discussion_round5c.docx; subscript and EndNote runs preserved as markup,2026-09-25T02:55:45+00:00
maintext/body_methods.md.pre_round5c,25956,4b53106f981154b02c9ff5dac8c0ebe15d4045c016f681c46daad7f3a9ae4d12,analysis/v7.4_final01/fix_sources_round5c.py (backup),the same file as it stood before the Round 5C terminology sweep and citation corrections,2026-09-24T03:33:52+00:00
maintext/body_results.md.pre_round5c,22377,65e6fd2cf5196f410c526bff9770de6ab91a8adbeea2dc637fe31bbfdaf739b5,analysis/v7.4_final01/fix_sources_round5c.py (backup),the same file as it stood before the Round 5C terminology sweep and citation corrections,2026-09-24T03:33:52+00:00
maintext/v7.4_methods_results_draft02.md.pre_round5c,54078,272c41b18acf8e389ff81b04368df8cee8532a1c8cec940d49dfbfeb5af0b5fd,analysis/v7.4_final01/fix_sources_round5c.py (backup),the same file as it stood before the Round 5C terminology sweep and citation corrections,2026-09-24T03:33:52+00:00
display/FIGURE_maintext_draft02.pre_round5c.docx,4238587,02b4f9ef205d47cc44b3b612cd0d85ecd0fdb680923afad83e9b8cc5bf6f31de,analysis/v7.4_final01/fix_sources_round5c.py (backup),the same file as it stood before the Round 5C terminology sweep and citation corrections,2026-09-24T03:39:54+00:00
display/TABLE_maintext_draft02.pre_round5c.docx,21556,aae50c079703c3e476040a80743dfc221ac25341a3b7015f40b20a1d5a2e18be,analysis/v7.4_final01/fix_sources_round5c.py (backup),the same file as it stood before the Round 5C terminology sweep and citation corrections,2026-09-24T03:39:54+00:00
maintext/v7.4_methods_results_draft02.pre_round5c.docx,7221841,704e5a093223200b4ce8f1a7524340022d29171c5715e0f574bb5d692807bbdc,analysis/v7.4_final01/fix_sources_round5c.py (backup),the same file as it stood before the Round 5C terminology sweep and citation corrections,2026-09-24T03:33:52+00:00
discussion/v7.4_discussion_round5c.pdf,5298002,8d8df9a7d26841edb4d5c2f71982ef041bf3903886eb464639b6183513414aa8,Microsoft Word export,the corresponding .docx in this folder,2026-09-24T05:52:29+00:00
discussion/v7.4_discussion_round5c_highlighted.pdf,5320310,72769ebaf026cd132aa2ee54c664ff35731ba5fc5644662b88cd9c4a209952b0,Microsoft Word export,the corresponding .docx in this folder,2026-09-24T05:52:32+00:00
revised ACS JCIM v7.4.docx,4002246,bf2be2ae204dfdbbfe31368d395a64f92a97c3241e93257b087e74833aa2aab5,author-supplied (uploaded 2026-09-24),"the benchmark this round builds on: 216 paragraphs, 54 references, the reference numbering of record",2026-09-24T04:38:15+00:00
framing/round5c_claim_ledger.md,9455,51ef8b93bfae87a704959b85db9549b65d3d2f5827f96d5d63608a44296db9ce,hand-authored (not regenerated by any script),Round 5C planning; round5c_framing_plan_v2_guardrailed.md is the binding plan,2026-09-24T04:13:44+00:00
framing/round5c_framing_plan.md,22198,44d5ab13784e9d5977321ba2c0ebe27fcf2844773bac11be764ef9cf62fd367c,hand-authored (not regenerated by any script),Round 5C planning; round5c_framing_plan_v2_guardrailed.md is the binding plan,2026-09-24T04:10:41+00:00
framing/round5c_framing_plan_v2_guardrailed.md,28279,f7e561367f7b8017206799cdf301bb2433e9208fb4b4bcfdb758636f8d2b3152,hand-authored (not regenerated by any script),Round 5C planning; round5c_framing_plan_v2_guardrailed.md is the binding plan,2026-09-24T04:33:00+00:00
framing/round5c_reviewer_obligation_map.md,9673,961c7709877f6245c9588c6eef46b572b1cf9af9dc3410261557dac6ff3cf75c,hand-authored (not regenerated by any script),Round 5C planning; round5c_framing_plan_v2_guardrailed.md is the binding plan,2026-09-24T04:11:28+00:00
framing/round5c_writing_team_brief.md,6695,a62d9cfbb73816e0684808b55bf8b89289b21d4f870b466fcdc24eb7a710186c,hand-authored (not regenerated by any script),Round 5C planning; round5c_framing_plan_v2_guardrailed.md is the binding plan,2026-09-24T04:33:41+00:00
round5_intro_discussion_reframing_planning_prompt.md,15724,f5669185375652cbd681d6be391abf378f1f5c67c6043c2336e756bc3bfd3b91,author-supplied,the binding planning specification for Round 5C,2026-09-24T03:58:31+00:00
discussion/CHANGELOG_discussion.md,15449,24ade4e79a408b1ddcbc19c11003c4abca7b5f2cd544109df41db8d67ce29176,hand-authored (not regenerated by any script),the Round 5C build; verified by analysis/v7.4_final01/qc_discussion_round5c.py,2026-09-24T05:53:02+00:00
stats/figure2_train_test_metrics_draft02.csv,511,8e6c2a1afb32e67420a7788a997603985f96b0f87d1184bb3289955c9fcf54e8,analysis/v7.4_final01/fig02_train_test_3x3.py,the same prediction files; reproduces the frozen Round 4B Figure 2 statistics,2026-09-24T03:39:30+00:00
maintext/v7.4_methods_results_draft02_highlighted.docx,7222450,7d25554af6bbdcdad75b212b61563cd472c6a88f109cb245c4b64d655db6ef88,analysis/v7.4_final01/build_draft02_highlight.py,word-level diff of final_01/draft/v7.4_methods_results.docx against the draft_02 edits,2026-09-24T03:33:52+00:00
README.md,5836,eff8fbd091ceb8ec52cadaf85c77c9f8b67d2dc2b9000a90e5e912e764ef0b2f,hand-written,this round's change summary,2026-09-24T03:34:44+00:00
.DS_Store,6148,09570da741d4304b4a33882cb69efaaf4e368eecfa9cd1aec1e0e8134b5c15b0,,,2026-09-24T19:57:45+00:00
discussion/.DS_Store,6148,d65165279105ca6773180500688df4bdc69a2c7b771752f0a46ef120b7fd8ec3,,,2026-09-24T05:12:11+00:00
framing/.DS_Store,6148,d65165279105ca6773180500688df4bdc69a2c7b771752f0a46ef120b7fd8ec3,,,2026-09-24T05:12:16+00:00
