compound_id,PUBCHEM_CID,compound,Fu_obs,VDss_obs_L_per_kg,CL_obs_L_per_h_per_kg,logP_template,BP_template,CLRbase_template_Lh,KpScalar_template,template_distribution,template_elimination,CLint_H_extra,Pcnt3AMetCL,ActiveUptakeHep,BiliaryClearanceType,MW_Splus,logP_Splus,pKa1_Splus,pKa2_Splus,compound_type_code_Splus,ECCS_class_raw_Splus,ECCS_class,clearance_ref_cas,clearance_ref_in_vivo_clintu_ml_min_kg,clearance_ref_hepatocyte_clintu_ml_min_kg,clearance_ref_hlm_clintu_ml_min_kg,clearance_ref_human_cl_ml_min_kg,clearance_ref_primary_mechanism,clearance_ref_mechanism_code,clearance_ref_mechanism_pct_ref,clearance_ref_mechanism_comments,clearance_ref_mechanism_notes,clearance_group,ionization_pH74,logP_bin,VDss_bin,log_NRMSE__v0_run0,rmse_log10__v0_run0,fe_auc_abs__v0_run0,fe_cmax_abs__v0_run0,fe_auc_signed__v0_run0,fe_cmax_signed__v0_run0,log_NRMSE__v1_run0,rmse_log10__v1_run0,fe_auc_abs__v1_run0,fe_cmax_abs__v1_run0,fe_auc_signed__v1_run0,fe_cmax_signed__v1_run0,log_NRMSE__s1_run3,rmse_log10__s1_run3,fe_auc_abs__s1_run3,fe_cmax_abs__s1_run3,fe_auc_signed__s1_run3,fe_cmax_signed__s1_run3,log_NRMSE__h1_run0,rmse_log10__h1_run0,fe_auc_abs__h1_run0,fe_cmax_abs__h1_run0,fe_auc_signed__h1_run0,fe_cmax_signed__h1_run0,log_NRMSE__h1_run0_noCLr,rmse_log10__h1_run0_noCLr,fe_auc_abs__h1_run0_noCLr,fe_cmax_abs__h1_run0_noCLr,fe_auc_signed__h1_run0_noCLr,fe_cmax_signed__h1_run0_noCLr,log_NRMSE__h2_run4,rmse_log10__h2_run4,fe_auc_abs__h2_run4,fe_cmax_abs__h2_run4,fe_auc_signed__h2_run4,fe_cmax_signed__h2_run4,log_NRMSE__h2_run0,rmse_log10__h2_run0,fe_auc_abs__h2_run0,fe_cmax_abs__h2_run0,fe_auc_signed__h2_run0,fe_cmax_signed__h2_run0,delta_log_NRMSE__BU_minus_TD,delta_log_NRMSE__BU0_minus_TD,cost_log_NRMSE__predCL_minus_obsCL,delta_rmse_log10__BU_minus_TD,delta_rmse_log10__BU0_minus_TD,cost_rmse_log10__predCL_minus_obsCL,delta_fe_auc_abs__BU_minus_TD,delta_fe_auc_abs__BU0_minus_TD,cost_fe_auc_abs__predCL_minus_obsCL,delta_fe_cmax_abs__BU_minus_TD,delta_fe_cmax_abs__BU0_minus_TD,cost_fe_cmax_abs__predCL_minus_obsCL,outcome_BU0_vs_TD
52,2118,alprazolam,0.29,0.8,0.0444,2.12,0.825,0.678,1,Minimal PBPK Model,Enzyme kinetics,0,100,1,0,308.8,3.927,2.65,0,3,Class_2,Class 2,28981-97-7,2.6,1,2.3,0.74,metabolic,M1,"Greenblatt DJ, Wright CE. Clinical pharmacokinetics of alprazolam. Therapeutic implications. Clin. pharmacokinet.1993, 24, 453-471",,,Metabolism-leaning,Neutral at pH 7.4,2–4,Mid (0.7–2),0.0333305,0.034208,0.091947,0.19136,0.091947,-0.19136,0.0799149,0.082019,0.302069,0.0774686,0.302069,-0.0774686,0.0857128,0.0879695,0.14898,0.457869,0.14898,-0.457869,0.114538,0.117553,0.429376,0.452398,-0.429376,-0.452398,0.0749926,0.076967,0.22349,0.447247,-0.22349,-0.447247,0.400442,0.410985,1.35718,0.497858,-1.35718,-0.497858,0.4842,0.496949,1.34593,0.0343613,-1.34593,-0.0343613,-0.285904,-0.325449,0.171777,-0.293432,-0.334018,0.1763,-0.927802,-1.13369,0.738672,-0.0454592,-0.0506108,-0.00804621,Bottom-up only
172,71733,bufuralol,0.19,1.7,0.534,3.5,0.68,0.216,1,Minimal PBPK Model,Enzyme kinetics,0,3,1,0,261.36,1.874,9.12,0,3,Class_2,Class 2,54340-62-4,,,,8.9,metabolic,M3,,,,Mixed/Other,Base (ionized),2–4,Mid (0.7–2),0.180909,0.240767,0.582388,0.199216,0.582388,0.199216,0.0902264,0.12008,0.208427,0.00666422,0.208427,-0.00666422,0.130543,0.173737,0.00823993,0.56347,-0.00823993,-0.56347,0.178189,0.237148,0.226298,0.483605,0.226298,-0.483605,0.180203,0.239828,0.235567,0.480749,0.235567,-0.480749,0.214015,0.284828,0.389543,0.442227,0.389543,-0.442227,0.218857,0.291272,0.746832,0.282807,0.746832,0.282807,-0.0358261,-0.0338123,0.0665659,-0.0476801,-0.0450001,0.088591,-0.163245,-0.153976,0.304315,0.0413786,0.038523,-0.101982,Both acceptable
177,644073,buprenorphine,0.04,4.9,1.14,4.98,1,0.625,0.97,Minimal PBPK Model,Enzyme kinetics,219.892,1e-05,1,0,467.64,4.317,10.01,8.21,5,Class_2,Class 2,52485-79-7,1354,78,661,19,metabolic,M1,,Renal negligible after IM dosing. The principal route of buprenorphine metabolism is via N-dealkylation to form its major active metabolite: norbuprenorphine which can further undergo glucuronidation. CYP3A4 has been shown to be the primary isoenzyme responsible for norbuprenorphine formation in human liver microsomes. CYP2C8 has also been identified as a minor contributor to norbuprenorphine formation.,,Metabolism-leaning,Ampholyte,>4,High (>2),0.136319,0.279096,0.379491,1.06975,-0.379491,-1.06975,0.182185,0.373,0.0949358,3.10512,0.0949358,-3.10512,0.161737,0.331135,0.291078,2.71628,0.291078,-2.71628,0.191978,0.39305,0.637063,2.71919,0.637063,-2.71919,0.193604,0.396379,0.653051,2.71915,0.653051,-2.71915,0.256566,0.525285,1.24025,2.71844,1.24025,-2.71844,0.261989,0.536388,1.43428,2.3874,1.43428,-2.3874,-0.0645881,-0.0629618,0.0633482,-0.132236,-0.128906,0.129697,-0.60319,-0.587202,0.655574,0.000750157,0.000706244,0.00251627,Neither (refinement)
184,2519,caffeine,0.64,0.63,0.084,-0.07,0.977,0.038,1,Minimal PBPK Model,Enzyme kinetics,0,1e-05,1,0,194.19,0.082,1.43,0,3,Class_2,Class 2,58-08-2,2,5.3,0.4,1.4,metabolic,M1,"Hakooz, Nancy M. Kh.  Caffeine metabolic ratios for the in vivo evaluation of CYP1A2, N-acetyltransferase 2, xanthine oxidase and CYP2A6 enzymatic activities.    Current Drug Metabolism  (2009),  10(4),  329-338. ",Renal ~1%,,Mixed/Other,Neutral at pH 7.4,<2,Low (<0.7),0.161363,0.170532,0.522049,0.329228,0.522049,0.329228,0.0861181,0.0910111,0.230974,0.0650872,0.230974,-0.0650872,0.130516,0.137931,0.0288029,0.675752,-0.0288029,-0.675752,0.575034,0.607706,1.84624,0.677665,-1.84624,-0.677665,0.573898,0.606506,1.84366,0.677561,-1.84366,-0.677561,0.150011,0.158534,0.114344,0.675372,0.114344,-0.675372,0.128655,0.135965,0.378084,0.145279,0.378084,-0.145279,0.425023,0.423887,0.231439,0.449172,0.447972,0.244589,1.73189,1.72932,1.08207,0.00229265,0.00218873,0.000714131,Top-down only
295,84029,clarithromycin,0.23,1.5,0.438,1.7,1,8.05,1,Minimal PBPK Model,Enzyme kinetics,0,100,1,0,748,-0.37,8.21,0,3,Class_4; High_MWt,Class 4,81103-11-9,,,,7.3,Mixed (30-40% renal),R3,"Biaxin filmtabs, PDR prescribing information (Abbott)",,,Metabolism-leaning,Base (ionized),<2,Mid (0.7–2),0.0892391,0.165747,0.0297712,0.607648,-0.0297712,-0.607648,0.109332,0.203067,0.269202,0.186139,0.269202,-0.186139,0.173307,0.321889,0.0390591,0.994605,0.0390591,-0.994605,0.161721,0.300369,0.843917,1.10427,-0.843917,-1.10427,0.124957,0.232087,0.614366,1.07159,-0.614366,-1.07159,0.17877,0.332034,0.0763944,0.990046,0.0763944,-0.990046,0.222789,0.413793,0.236716,1.65066,-0.236716,-1.65066,-0.0170487,-0.0538121,-0.00306206,-0.031665,-0.099947,-0.00568727,0.767523,0.537972,0.386482,0.114226,0.0815462,0.0933272,Top-down only
308,135398737,clozapine,0.055,1.6,0.15,3.5,0.845,0.041,1,Minimal PBPK Model,Enzyme kinetics,0,1e-05,1,0,326.8,3.095,7.67,0,3,Class_2,Class 2,5786-21-0,96,22,26,2.5,metabolic,M1,Clozaril prescribing information (Novartis).,http://www.pharma.us.novartis.com/product/pi/pdf/Clozaril.pdf. Accessed September 14 2010.,,Mixed/Other,Base (ionized),2–4,Mid (0.7–2),0.182116,0.356868,1.21133,1.40078,1.21133,-1.40078,0.273304,0.535556,2.00561,1.11404,2.00561,-1.11404,0.218275,0.427724,1.05626,2.92431,1.05626,-2.92431,0.223063,0.437104,1.13732,2.89894,1.13732,-2.89894,0.223255,0.437482,1.13998,2.89864,1.13998,-2.89864,0.172213,0.337461,0.17,3.10762,-0.17,-3.10762,0.291133,0.570493,0.614483,4.27967,-0.614483,-4.27967,0.0508498,0.0510424,0.00488356,0.0996432,0.100021,0.00956962,0.967323,0.96998,-0.180356,-0.20868,-0.208978,0.0789614,Neither (refinement)
323,11626560,crizotinib,0.09,22.15,0.585,4.28,1.1,2.51,0.765,Full PBPK Model,Enzyme kinetics,0,1e-05,1,0,450.34,3.771,9.63,5.05,1,Class_2,Class 2,877399-52-5,,,,9.75,mixed,M2B2,"https://www.accessdata.fda.gov/drugsatfda_docs/nda/2011/202570Orig1s000ClinPharmR.pdf accessed october 1, 2018",,,Renal-leaning,Base (ionized),>4,High (>2),0.106843,0.180233,0.195861,1.02845,-0.195861,-1.02845,0.273605,0.573434,1.64098,1.34429,1.64098,-1.34429,0.337741,0.707854,2.80174,0.247372,2.80174,0.247372,0.405978,0.850868,3.33924,0.588303,3.33924,0.588303,0.412433,0.864395,3.28296,0.370293,3.28296,0.370293,0.421116,0.882595,3.18534,0.172713,3.18534,-0.172713,0.392491,0.822602,2.89011,0.710174,2.89011,-0.710174,-0.015138,-0.0086837,0.0714642,-0.0317269,-0.0181997,0.149778,0.153894,0.0976137,0.432408,0.41559,0.19758,0.231926,Neither (refinement)
332,216210,dabigatran,0.65,0.85,0.1158,0.301,0.648,5.85,2.5,Full PBPK Model,In vivo clearance,0,0,1,0,471.5,0.975,3.21,12.19,5,Class_3B,Class 3,211914-51-1,,,,1.93,renal,R1,"Blech, S. et al. DMD, 2008, 36, 386-399. N=5, 5 mg dose iv bolus, average weight 80.2 kg.  See notes from e-mail reply from Dr. Blech.  Free means ""unconjugated"" not ""unbound"".  Cl 155 mL/min, and VDss 68.6 L.",> 80% of radioactivity excreted in urine and stated that main pathway is the elimination of unchanged compound after iv dosing.,,Renal-leaning,Ampholyte,<2,Mid (0.7–2),0.121135,0.104988,0.134515,0.00727925,0.134515,-0.00727925,0.395676,0.342934,0.304136,0.883612,0.304136,-0.883612,0.341828,0.296264,0.652523,0.321279,0.652523,-0.321279,0.344416,0.298507,0.144044,0.353339,0.144044,-0.353339,0.347642,0.301302,0.765802,0.26946,0.765802,-0.26946,0.393416,0.340976,0.1173,0.431241,-0.1173,-0.431241,0.551613,0.478086,0.606616,1.55914,-0.606616,-1.55914,-0.0490004,-0.0457746,0.0287007,-0.0424689,-0.039673,0.024875,0.0267438,0.648502,-0.277193,-0.0779026,-0.161781,0.0710114,Both acceptable
366,2995,desipramine,0.16,15,0.66,4.57,1.16,1.5,1,Minimal PBPK Model,Enzyme kinetics,0,0,1,0,266.4,3.644,9.69,0,3,Class_2,Class 2,50-47-5,121,77,90,11,likely to be metabolism,M3,Ciraulo et al. discuss hydroxylation as major pathway but no percentages estimated.,,,Renal-leaning,Base (ionized),>4,High (>2),0.353846,0.38703,0.193821,1.06809,0.193821,-1.06809,0.291958,0.319338,0.361518,0.396508,0.361518,-0.396508,0.32347,0.353805,0.621675,0.490415,0.621675,0.490415,0.354392,0.387627,0.951065,0.55708,0.951065,0.55708,0.36233,0.39631,1.02383,0.561006,1.02383,0.561006,0.331489,0.362577,0.749527,0.49953,0.749527,0.49953,0.314011,0.343459,0.694677,0.282838,0.694677,0.282838,0.0229026,0.0308405,0.0194708,0.0250505,0.0337327,0.0212968,0.201538,0.274304,0.228621,0.0575502,0.0614765,0.0378901,Top-down only
394,2724385,digoxin,0.7,4.1,0.102,1.26,1.07,9.66,1,Full PBPK Model,Enzyme kinetics,3.678,0,1,1,780.94,0.551,0,0,4,Class_4; High_MWt,Class 4,20830-75-5,,,,1.7,renal,R2,"Lanoxin, PDR prescribing information","Elimination of digoxin follows first-order kinetics (that is, the quantity of digoxin eliminated at any time is proportional to the total body content). Following intravenous administration to healthy volunteers, 50% to 70% of a digoxin dose is excreted unchanged in the urine. Renal excretion of digoxin is proportional to glomerular filtration rate and is largely independent of urine flow. In healthy volunteers with normal renal function, digoxin has a half-life of 1.5 to 2.0 days. ",,Uptake/Biliary-influenced,Neutral at pH 7.4,<2,High (>2),0.566837,0.464915,1.51889,1.22616,-1.51889,-1.22616,0.368692,0.302398,0.54473,2.02701,-0.54473,-2.02701,0.437887,0.359151,1.18075,0.290765,1.18075,0.290765,0.308205,0.252788,0.313637,0.0735045,-0.313637,0.0735045,0.186059,0.152605,0.471042,0.20302,0.471042,0.20302,0.677937,0.556039,1.86808,0.355726,1.86808,0.355726,0.851121,0.698083,2.36749,0.924871,2.36749,0.924871,-0.369732,-0.491877,0.0551844,-0.303251,-0.403434,0.0452618,-1.55444,-1.39704,-0.0111927,-0.282221,-0.152706,-0.0113925,Bottom-up only
413,148124,docetaxel,0.04,2.1,0.84,2.83,0.69,1.71,6.82,Full PBPK Model,Enzyme kinetics,0,93,1,1,807.89,0.459,0,0,4,,,114977-28-5,,,,14,,M1,"Docetaxel, PDR prescribing information",,,Uptake/Biliary-influenced,Neutral at pH 7.4,2–4,High (>2),0.167287,0.43189,0.205838,1.45077,-0.205838,-1.45077,0.28384,0.732799,0.417571,2.0147,0.417571,-2.0147,0.292535,0.755248,0.437022,2.54833,0.437022,-2.54833,0.331416,0.855627,0.812869,2.47816,0.812869,-2.47816,0.339116,0.875508,0.889536,2.46957,0.889536,-2.46957,0.344005,0.888128,0.95291,2.47507,0.95291,-2.47507,0.294002,0.759035,0.318948,4.15368,0.318948,-4.15368,-0.0125887,-0.00488826,0.0427309,-0.0325006,-0.0126202,0.11032,-0.140041,-0.0633742,0.41418,0.00308813,-0.00550585,-0.0717082,Neither (refinement)
471,12560,erythromycin,0.1,0.95,0.336,2.5,0.854,3.13,1,Minimal PBPK Model,Enzyme kinetics,0,100,1,0,733.9,-0.545,8.23,0,3,Class_4; High_MWt,Class 4,114-07-8,,,,5.6,biliary,M3,http://www.accessdata.fda.gov/drugsatfda_docs/label/2011/050207s064lbl.pdf. Accessed March 9 2012,"CLINICAL PHARMACOLOGY
Orally administered erythromycin ethylsuccinate suspension is readily and reliably absorbed under both fasting and nonfasting conditions.
Erythromycin diffuses readily into most body fluids. Only low concentrations are normally achieved in the spinal fluid, but passage of the drug across the blood-brain barrier increases in meningitis. In the presence of normal hepatic function, erythromycin is concentrated in the liver and excreted in the bile; the effect of hepatic dysfunction on excretion of erythromycin by the liver into the bile is not known. Less than 5 percent of the orally administered dose of erythromycin is excreted in active form in the urine. NO QUANTITATIVE INFORMATION AVAILABLE.",,Metabolism-leaning,Base (ionized),2–4,Mid (0.7–2),0.37626,0.594783,0.752918,0.35943,-0.752918,-0.35943,0.194364,0.307246,0.412129,0.492309,-0.412129,-0.492309,0.146972,0.232331,0.500832,1.66422,-0.500832,-1.66422,0.395895,0.625823,1.817,2.0089,-1.817,-2.0089,0.362709,0.573362,1.70287,2.00239,-1.70287,-2.00239,0.178389,0.281994,0.86798,1.80351,-0.86798,-1.80351,0.224071,0.354207,0.984465,2.24822,-0.984465,-2.24822,0.217506,0.184319,0.146418,0.343829,0.291368,0.231454,0.949024,0.83489,0.842836,0.205387,0.198884,0.341425,Neither (refinement)
488,123619,etoricoxib,0.081,1.5,0.0474,3.6,0.742,0,0.22,Full PBPK Model,Enzyme kinetics,0,1e-05,1,0,358.8,2.121,4.34,0,3,Class_2,Class 2,202409-33-4,,,,0.79,metabolic,M1,Rodrigues AD et al.,70% recovered in urine with < 1 % unchanged drug.,,Mixed/Other,Neutral at pH 7.4,2–4,Mid (0.7–2),0.205863,0.392042,0.641203,0.455072,0.641203,-0.455072,0.242582,0.461968,1.00271,0.66555,1.00271,-0.66555,0.288915,0.550205,1.47372,0.0865594,1.47372,0.0865594,0.265833,0.506247,0.892707,0.0380019,0.892707,0.0380019,0.265833,0.506247,0.892707,0.0380019,0.892707,0.0380019,0.324971,0.618868,1.8056,0.122635,1.8056,0.122635,0.383108,0.729585,2.3462,0.959803,2.3462,0.959803,-0.0591378,-0.0591378,0.00648656,-0.112621,-0.112621,0.0123529,-0.91289,-0.91289,-0.124573,-0.0846328,-0.0846328,-0.00624109,Bottom-up only
637,3696,imipramine,0.075,12,0.78,4.505,1.07,0.15,1,Minimal PBPK Model,Enzyme kinetics,0,1,1,0,280.4,3.876,9.04,0,3,Class_2,Class 2,50-49-7,255,90,113,13,metabolic,M1,"Crammer, J. L.; Scott, Bernard; Rolfe, Brenda. Metabolism of imipramine-14C.  II.  Urinary metabolites in man. Psychopharmacologia 1969, 3, 207-25","After oral administration of imipramine-14C into patients, >20 labeled metabolites were partially identified in the urine, including free compds., glucuronides, and a series of acid-labile conjugates.  Free and conjugated forms of 2-hydroxymethylimipramine totalled ≤40%, of 2-hydroxyimipramine ≤25%, and of 2-hydroxyiminodibenzyl ≤15% of all the metabolites excreted.  Didesmethylimipramine and its derivs. were present only in small amts., while free iminodibenzyl and 10-hydroxydesmethylimipramine accounted for ∼3% of the total metabolite excretion.  Thus, the metabolism was described completely in terms of demethylation or dealkylation, and hydroxylation at the 2 or 10 position with subsequent conjugation.  There was more demethylation in females than males.  Continued daily treatment with imipramine was assocd. with an increase in the excretion of free 2-hydroxy metabolites and a rise in the glucuronides in some of the patients.  The individual differences in metabolite excretion could not be correlated with differences in clin. response, whether they were adverse or therapeutic. ",,Mixed/Other,Base (ionized),>4,High (>2),0.103169,0.186462,0.257868,0.58399,-0.257868,-0.58399,0.121175,0.219004,0.371027,0.304954,0.371027,-0.304954,0.100091,0.180898,0.296832,0.150819,0.296832,0.150819,0.119875,0.216654,0.430002,0.301687,0.430002,0.301687,0.120555,0.217883,0.437715,0.303809,0.437715,0.303809,0.164543,0.297386,0.756545,0.277669,0.756545,0.277669,0.171593,0.310127,0.770958,0.124388,0.770958,0.124388,-0.0446688,-0.0439887,0.0424584,-0.0807317,-0.0795025,0.0767367,-0.326543,-0.31883,0.300298,0.024018,0.0261401,0.138859,Both acceptable
674,3793,itraconazole,0.002,7.4,0.306,4.47,0.58,0,1.71,Minimal PBPK Model,Enzyme kinetics,0,100,1,0,705.6,4.179,3.78,0,3,Class_2; High_MWt,Class 2,84625-61-6,,,,5.1,Not reported.,,,,,Metabolism-leaning,Neutral at pH 7.4,>4,High (>2),0.377245,0.753658,0.0933002,0.22169,-0.0933002,-0.22169,0.20625,0.412045,0.680945,1.46245,0.680945,-1.46245,0.224793,0.44909,0.921162,0.355669,0.921162,0.355669,0.255907,0.511249,0.616526,0.376529,0.616526,0.376529,0.255907,0.511249,0.616526,0.376529,0.616526,0.376529,0.233176,0.465838,1.13743,0.378004,1.13743,0.378004,0.221108,0.441728,1.12867,0.279553,1.12867,-0.279553,0.0227306,0.0227306,0.0197486,0.0454111,0.0454111,0.0394536,-0.520907,-0.520907,-0.0485649,-0.00147493,-0.00147493,0.0208597,Bottom-up only
703,3883,lansoprazole,0.021,0.28,0.264,2.8,0.59,0,0.2,Full PBPK Model,Enzyme kinetics,0,1e-05,1,0,369.4,1.268,3.69,0,3,Class_2,Class 2,103577-45-3,,,,4.4,metabolism,M3,"Landes B D; Petite J P; Flouvat B  Clinical pharmacokinetics of lansoprazole.    Clinical pharmacokinetics  (1995),  28(6),  458-70.",no C14 study reported,,Mixed/Other,Neutral at pH 7.4,2–4,Low (<0.7),0.208144,0.518228,1.47132,0.842298,1.47132,0.842298,0.139164,0.346484,1.04415,0.49568,1.04415,0.49568,0.182115,0.453422,0.947178,0.68545,0.947178,-0.68545,0.325682,0.810871,2.26269,0.644183,2.26269,-0.644183,0.325682,0.810871,2.26269,0.644183,2.26269,-0.644183,0.260217,0.647877,1.60712,0.685971,1.60712,-0.685971,0.260926,0.649643,1.63379,0.606815,1.63379,-0.606815,0.0654658,0.0654658,0.111189,0.162994,0.162994,0.276835,0.65557,0.65557,1.00106,-0.0417883,-0.0417883,-0.0412677,Neither (refinement)
739,3958,lorazepam,0.09,1.3,0.06,2.4,0.642,0.019,1,Full PBPK Model,Enzyme kinetics,0,1e-05,1,0,321.16,2.953,11.29,1.52,5,Class_2,Class 2,846-49-1,15,1.9,22,1,metabolic,M1,PDR accessed August 22 2012. http://www.pdr3d.com/detail.php?c=9785#section-3,"Lorazepam is extensively conjugated to the 3-O-phenolic glucuronide in the liver and is known to undergo enterohepatic recirculation. Lorazepam glucuronide is an inactive metabolite and is eliminated mainly by the kidneys.

Following a single 2-mg oral dose of 14C-lorazepam to 8 healthy subjects, 88±4% of the administered dose was recovered in urine and 7±2% was recovered in feces. The percent of administered dose recovered in urine as lorazepam glucuronide was 74±4%. Only 0.3% of the dose was recovered as unchanged lorazepam, and the remainder of the radioactivity represented minor metabolites.",,Mixed/Other,Ampholyte,2–4,Mid (0.7–2),0.111706,0.119511,0.149548,0.354425,0.149548,0.354425,0.100765,0.107807,0.035617,1.0822,0.035617,-1.0822,0.10987,0.117548,0.159405,0.749866,0.159405,-0.749866,0.113751,0.121699,0.162175,0.762412,0.162175,-0.762412,0.113798,0.12175,0.168092,0.762391,0.168092,-0.762391,0.138228,0.147887,0.257646,0.750128,-0.257646,-0.750128,0.173976,0.186133,0.201131,0.467077,-0.201131,-0.467077,-0.024477,-0.0244296,0.0161427,-0.0261874,-0.0261367,0.0172707,-0.0954708,-0.0895535,0.0252068,0.0122835,0.0122627,0.00639381,Both acceptable
781,4091,metformin,1,0.64,0.444,-1.43,1,32.3,0.637,Full PBPK Model,Enzyme kinetics,0,1e-05,1,0,129.16,-0.329,10.81,0,3,Class_4,Class 4,657-24-9,,,,7.4,renal,R1,"Pentikainen PJ, Neuvonen PJ, and Penttila A (1979) Pharmacokinetics of metformin after intravenous and oral administration to man.  Eur. J. Clin. Pharmacol. 16: 195-202. See also: Cesare R. Sirtori, Guido Franceschini, , Marzia Galli-Kienle, ,Giuliana Cighetti,  Alighiero Bondioli, and Franco Conti. Disposition of metformin (N,N-dimethylbiguanide) in man. Clinical pharmacology & therapeutics, 1978, 24, 683-693.",76-86% excreted unchanged in urine,,Renal-leaning,Base (ionized),<2,Low (<0.7),0.0366732,0.0896735,0.0754798,0.244184,0.0754798,-0.244184,0.111229,0.271977,0.559046,0.183069,0.559046,-0.183069,0.166766,0.407777,0.491323,0.831598,0.491323,-0.831598,0.0516685,0.12634,0.0430936,0.880536,-0.0430936,-0.880536,0.427512,1.04536,2.23014,0.826239,2.23014,-0.826239,0.168863,0.412904,0.503365,0.831034,0.503365,-0.831034,0.21943,0.536553,0.272228,1.77453,0.272228,-1.77453,-0.117194,0.258649,0.0273808,-0.286564,0.632452,0.0669518,-0.460271,1.72677,-0.103526,0.0495029,-0.00479484,0.0241875,Top-down only
787,126941,methotrexate,0.37,0.43,0.126,-1.85,0.68,6.15,9.47,Full PBPK Model,Enzyme kinetics,0.164,1e-05,1,0,454.44,-0.313,4.4,3.53,0,Class_3B,Class 3,59-05-2,,,,2.1,renal,R1,PDR accessed August 20 2012. http://www.pdr3d.com/detail.php?c=40025#section-4,"Renal excretion is the primary route of elimination and is dependent upon dosage and route of administration. With IV administration, 80 to 90% of the administered dose is excreted unchanged in the urine within 24 hours. There is limited biliary excretion amounting to 10% or less of the administered dose. Enterohepatic recirculation of methotrexate has been proposed",,Metabolism-leaning,Neutral at pH 7.4,<2,Low (<0.7),0.559608,1.33319,1.41077,1.28403,-1.41077,-1.28403,0.173856,0.414186,0.862046,1.07689,-0.862046,-1.07689,0.173302,0.412866,0.861735,1.07977,-0.861735,-1.07977,0.499631,1.1903,1.70379,1.17177,-1.70379,-1.17177,0.0501174,0.119397,0.170947,0.961203,-0.170947,-0.961203,0.471849,1.12411,1.92146,1.30561,-1.92146,-1.30561,0.321535,0.766009,1.81273,1.78729,-1.81273,-1.78729,0.027782,-0.421731,0.22339,0.0661867,-1.00471,0.532194,-0.217674,-1.75052,0.896526,-0.133847,-0.344411,0.158922,Bottom-up only
800,4171,metoprolol,0.88,2.87857,0.724286,1.88,1.15,5.23,1,Minimal PBPK Model,Enzyme kinetics,0,7,1,0,267.4,1.653,9.59,0,3,Class_2,Class 2,51384-51-1,32,16,4,13,metabolic,M1,"Regardh C G; Johnsson G  Clinical pharmacokinetics of metoprolol.    Clinical pharmacokinetics  (1980),  5(6),  557-69.  Journal code: 7606849.  ISSN:0312-5963.  PubMed ID 7002420 AN 1981065625    MEDLINE",10% of a dose is excreted as unchanged drug.,,Mixed/Other,Base (ionized),<2,High (>2),0.192073,0.180702,0.672698,0.183094,0.672698,-0.183094,0.1998,0.187972,0.720122,0.0683696,0.720122,0.0683696,0.210395,0.19794,0.75595,0.128893,0.75595,0.128893,0.298709,0.281026,1.03136,0.141746,1.03136,0.141746,0.35791,0.336723,1.20455,0.138931,1.20455,0.138931,0.39789,0.374335,1.32124,0.114824,1.32124,0.114824,0.433449,0.40779,1.455,0.350696,1.455,0.350696,-0.0991809,-0.0399792,0.167505,-0.0933095,-0.0376125,0.157589,-0.289874,-0.116684,0.506946,0.0269225,0.0241076,0.011446,Neither (refinement)
811,4192,midazolam,0.017,1.1,0.318,3.53,0.603,0.085,1,Minimal PBPK Model,Enzyme kinetics,0,100,1,0,325.8,3.864,5.28,0,3,Class_2,Class 2,59467-70-8,390,42,315,5.3,metabolic,M1,"Heizmann P; Ziegler W H  Excretion and metabolism of 14C-midazolam in humans following oral dosing.    Arzneimittel-Forschung  (1981),  31(12a),  2220-3.  Journal code: 0372660.  ISSN:0004-4172.  PubMed ID 7199324 AN 1982135009    MEDLINE",,,Metabolism-leaning,Neutral at pH 7.4,2–4,Mid (0.7–2),0.0514704,0.0866611,0.0960363,0.118686,0.0960363,-0.118686,0.166626,0.28055,0.487691,0.721131,0.487691,-0.721131,0.177189,0.298335,0.414475,0.942527,0.414475,-0.942527,0.276722,0.465919,0.99444,0.903681,0.99444,-0.903681,0.277952,0.467989,1.00171,0.903398,1.00171,-0.903398,0.170483,0.287043,0.37575,0.944237,0.37575,-0.944237,0.18766,0.315965,0.259105,1.25476,0.259105,-1.25476,0.10624,0.107469,0.055002,0.178876,0.180946,0.0926072,0.61869,0.625959,0.27062,-0.040556,-0.0408388,-0.0185679,Top-down only
832,5281040,montelukast,0.002,0.15,0.0408,8.35,0.63,0.0004,4.92,Minimal PBPK Model,Enzyme kinetics,0,1e-05,1,0,586.2,5.252,4.83,0,2,Class_1B,Class 1,158966-92-8,182,76,,0.68,metabolic,M1,"Chiba M; Xu X; Nishime J A; Balani S K; Lin J H  Hepatic microsomal metabolism of montelukast, a potent leukotriene D4 receptor antagonist, in humans.    Drug metabolism and disposition: the biological fate of chemicals  (1997),  25(9),  1022-31.  Journal code: 9421550.  ISSN:0090-9556.  PubMed ID 9311616 AN 1997456302    MEDLINE",,,Mixed/Other,Acid (ionized),>4,Low (<0.7),0.262586,1.13124,0.382386,0.134145,-0.382386,-0.134145,0.235745,1.01561,0.282157,1.5252,-0.282157,-1.5252,0.231415,0.996955,0.464613,2.56652,-0.464613,-2.56652,0.332116,1.43078,2.66425,2.54052,-2.66425,-2.54052,0.332106,1.43074,2.66418,2.54052,-2.66418,-2.54052,0.263614,1.13567,1.99983,2.57298,-1.99983,-2.57298,0.251956,1.08545,2.12631,3.93226,-2.12631,-3.93226,0.0685018,0.0684918,0.0664449,0.295111,0.295068,0.28625,0.66442,0.664356,1.93063,-0.0324593,-0.0324624,-0.00976479,Neither (refinement)
875,4485,nifedipine,0.044,0.79,0.438,2.69,0.74,0.031,1,Full PBPK Model,Enzyme kinetics,0,100,1,0,346.3,1.258,0,0,0,Class_2,Class 2,21829-25-4,242,60,178,7.3,metabolic,M1,"Horster, F. A.; Duhm, B.; Maul, W.; Medenwald, H.; Patzschke, K.; Wegner, L. A.  Clinical studies on the pharmacokinetics of radiolabeled 4-(2-nitrophenyl)-2,6-dimethyl-3,5-bis(methoxycarbonyl)-1,4-dihydropyridine.    Arzneimittel-Forschung  (1972),  22(2),  330-4.  CODEN: ARZNAD  ISSN:0004-4172.  CAN 77:69945  AN 1972:469945    CAPLUS",,,Metabolism-leaning,Neutral at pH 7.4,2–4,Mid (0.7–2),0.105513,0.128391,0.379194,0.847009,0.379194,0.847009,0.117691,0.14321,0.442402,0.0710109,0.442402,0.0710109,0.10895,0.132575,0.346144,0.34381,0.346144,-0.34381,0.0995722,0.121163,0.311277,0.34277,0.311277,-0.34277,0.0999034,0.121566,0.312742,0.34264,0.312742,-0.34264,0.0598546,0.0728332,0.0129048,0.386059,-0.0129048,-0.386059,0.212071,0.258056,0.558546,1.93045,-0.558546,-1.93045,0.0397176,0.0400488,-0.00921261,0.0483298,0.0487328,-0.0112102,0.298372,0.299837,-0.0341351,-0.0432897,-0.0434188,0.0206043,Both acceptable
907,4595,ondansetron,0.27,1.8,0.348,2.14,0.85,0.9,0.715,Full PBPK Model,Enzyme kinetics,0,1e-05,1,0,293.4,1.981,7.11,0,3,Class_2,Class 2,99614-02-5,29,3.6,,5.8,metabolic,M1,"Saynor D A; Dixon C M  The metabolism of ondansetron.    European journal of cancer & clinical oncology  (1989),  25 Suppl 1 S75-7.  Journal code: 8112045.  ISSN:0277-5379.  PubMed ID 2533904 AN 1990168926    MEDLINEDixon C M; Colthup P V; Serabjit-Singh C J; Kerr B M; Boehlert C C; Park G R; Tarbit M H  Multiple forms of cytochrome P450 are involved in the metabolism of ondansetron in humans.    Drug metabolism and disposition: the biological fate of chemicals  (1995),  23(11),  1225-30.  Journal code: 9421550.  ISSN:0090-9556.  PubMed ID 8591723 AN 1996157458    MEDLINE",,,Mixed/Other,Neutral at pH 7.4,2–4,Mid (0.7–2),0.202027,0.271933,0.970541,1.03392,-0.970541,-1.03392,0.0946176,0.135145,0.253473,0.240778,-0.253473,-0.240778,0.0950994,0.137064,0.246826,0.278129,-0.246826,-0.278129,0.134106,0.17606,0.499496,0.292651,-0.499496,-0.292651,0.119695,0.159256,0.420979,0.269215,-0.420979,-0.269215,0.113684,0.178076,0.139144,0.150013,0.139144,-0.150013,0.090613,0.140438,0.120305,0.120152,0.120305,0.120152,0.0204215,0.00601107,0.0215902,-0.00201522,-0.0188194,0.0305944,0.360352,0.281834,0.0332349,0.142638,0.119203,-0.0685145,Both acceptable
938,43815,paroxetine,0.06,18,1.08,3.55,1.26,0.5,1,Minimal PBPK Model,Enzyme kinetics,0,1e-05,1,0,329.4,3.289,9.6,0,3,Class_2,Class 2,61869-08-7,,,,18,metabolic,M1,"Haddock R E; Johnson A M; Langley P F; Nelson D R; Pope J A; Thomas D R; Woods F R  Metabolic pathway of paroxetine in animals and man and the comparative pharmacological properties of its metabolites.    Acta psychiatrica Scandinavica. Supplementum  (1989),  350 24-6.  Journal code: 0370365.  ISSN:0065-1591.  PubMed ID 2530779 AN 1990052641    MEDLINE","After administration of 30, 60, and 90 mg of pamidronate disodium over 4 hours, and 90 mg of pamidronate disodium over 24 hours, an overall mean ± SD of 46 ± 16% of the drug was excreted unchanged in the urine within 120 hours. Cumulative urinary excretion was linearly related to dose. The mean ± SD elimination half-life is 28 ± 7 hours. Mean ± SD total and renal clearances of pamidronate were 107 ± 50 mL/min and 49 ± 28 mL/min, respectively. The rate of elimination from bone has not been determined.",,Mixed/Other,Base (ionized),2–4,High (>2),0.189047,0.248823,0.805408,1.23599,0.805408,-1.23599,0.139439,0.183529,0.134372,1.58153,0.134372,-1.58153,0.39701,0.522542,0.411686,0.341771,0.411686,0.341771,0.560223,0.737363,2.64503,0.469783,2.64503,0.469783,0.567914,0.747485,2.69896,0.471537,2.69896,0.471537,0.609294,0.80195,2.98974,0.492114,2.98974,0.492114,0.534851,0.703968,2.71538,0.0192629,2.71538,0.0192629,-0.0490711,-0.0413808,0.167059,-0.0645872,-0.0544652,0.219882,-0.344709,-0.290784,2.29549,-0.0223304,-0.0205762,0.128889,Neither (refinement)
963,4754,phenacetin,0.47,1.4,1.26,1.58,1.01,0,1,Minimal PBPK Model,Enzyme kinetics,0,0,1,0,179.22,1.68,0,0,0,Class_2,Class 2,62-44-2,687,24,34,21,,,,,,Mixed/Other,Neutral at pH 7.4,<2,Mid (0.7–2),0.218385,0.286227,0.727406,0.343627,0.727406,-0.343627,0.0714509,0.0936474,0.222561,0.2295,0.222561,-0.2295,0.107992,0.14154,0.272297,0.310743,0.272297,0.310743,0.421389,0.552294,1.70784,0.610608,1.70784,0.610608,0.421389,0.552294,1.70784,0.610608,1.70784,0.610608,0.436174,0.571672,1.75446,0.574627,1.75446,0.574627,0.421032,0.551827,1.66448,0.39594,1.66448,0.39594,-0.0147848,-0.0147848,0.313397,-0.0193777,-0.0193777,0.410755,-0.0466193,-0.0466193,1.43554,0.0359811,0.0359811,0.281875,Neither (refinement)
967,4763,phenobarbital,0.49,0.54,0.00378,1.47,0.83,0.074,1,Minimal PBPK Model,In vivo clearance,0,1e-05,1,0,232.24,1.185,7.3,0,2,Class_1A,Class 1,50-06-6,,,,0.063,,,"Boreus L O; Jalling B; Kallberg N  Phenobarbital metabolism in adults and in newborn infants.    Acta paediatrica Scandinavica  (1978),  67(2),  193-200.  ","In adults 40% of single dose excreted in eight days, 16% of this unchanged in urine and 24% attributed to oxidative metabolism",,Mixed/Other,Acid (ionized),<2,Low (<0.7),,0.0510884,0.16325,0.31036,0.16325,-0.31036,,0.0895612,0.346461,0.12351,0.346461,-0.12351,,0.155342,0.579503,0.123923,0.579503,0.123923,,0.609096,1.75779,0.00965719,-1.75779,-0.00965719,,0.60418,1.74582,0.00832177,-1.74582,-0.00832177,,0.474016,1.37297,0.0200543,-1.37297,0.0200543,,0.432407,1.53456,0.708761,-1.53456,-0.708761,,,,0.13508,0.130165,0.383756,0.384817,0.372851,1.06069,-0.0103971,-0.0117325,-0.109068,Neither (refinement)
973,1775,phenytoin,0.13,0.43,0.0222,2.47,0.61,0.0149,0.523,Minimal PBPK Model,Enzyme kinetics,0,1e-05,1,0,252.28,2.201,8.15,0,2,,,57-41-0,65,2.1,,0.37,metabolic,M1," Kadar, D.; Fecycz, T. D.; Kalow, W.The fate of orally administered [4-​14C]​phenytoin in two healthy male volunteers. Can J Physiol Pharmacol. 1983,61,403–407.//cited also by Aliwarga, Theresa; Cloyd, James C.; Goel, Varun; Brundage, Richard C.; Marino, Susan E.; Leppik, Ilo E.; Remmel, Rory P. Excretion of the Principal Urinary Metabolites of Phenytoin and Absolute Oral Bioavailability Determined by Use of a Stable Isotope in Patients With Epilepsy. Ther. Drug Monit. 2011, 33, 56-63.",The elimination and recovery has been variable. See Aliwarga et al. 2011.,,Mixed/Other,Neutral at pH 7.4,2–4,Low (<0.7),0.132523,0.0575902,0.232322,0.283799,0.232322,-0.283799,0.302824,0.136316,0.550108,0.0846296,0.550108,-0.0846296,0.272488,0.117432,0.452886,0.496168,0.452886,-0.496168,1.91837,0.789839,1.88956,0.608896,-1.88956,-0.608896,1.91197,0.787206,1.88638,0.608527,-1.88638,-0.608527,0.838579,0.348667,1.40584,0.478392,1.40584,-0.478392,0.809558,0.335931,1.35434,0.560045,1.35434,-0.560045,1.07979,1.07339,1.10279,0.441171,0.438539,0.450505,0.483717,0.480545,1.19323,0.130504,0.130135,0.0881179,Neither (refinement)
1001,57417226,posaconazole,0.013,3.8,0.258,4.6,0.55,0,0.1543,Full PBPK Model,Enzyme kinetics,0,1e-05,26.6,0,700.8,3.948,3.69,2.81,1,Class_4; High_MWt,Class 4,171228-49-2,,,,4.3,,,"Krieter, Philip; Flannery, Brian; Musick, Timothy; Gohdes, Mark; Martinho, Monika; Courtney, Rachel Disposition of posaconazole following single-​dose oral administration in healthy subjects. Antimicr. Ag. Chemother., 2004, 48, 3543-3551.","p.o. dose. The mean total amt. of radioactivity recovered was 91.1​%; the cumulative excretion of radioactivity in feces and in urine was 76.9 and 14.0​% of the dose, resp.  Most of the fecal radioactivity was assocd. with posaconazole, which accounted for 66.3​% of the administered dose; however, urine contained only trace amts. of unchanged posaconazole. ",,Uptake/Biliary-influenced,Neutral at pH 7.4,>4,High (>2),1.18932,0.568289,1.82183,2.00972,1.82183,2.00972,0.757292,0.361854,1.32442,0.859356,1.32442,0.859356,1.22191,0.583858,1.96898,2.03911,1.96898,2.03911,1.64471,0.785887,0.649688,0.834207,-0.649688,0.834207,1.64471,0.785887,0.649688,0.834207,-0.649688,0.834207,1.25579,0.60005,2.03722,2.05826,2.03722,2.05826,0.628382,0.300257,1.10949,0.518104,1.10949,0.518104,0.388922,0.388922,0.228346,0.185837,0.185837,0.10911,-1.38753,-1.38753,-1.08939,-1.22405,-1.22405,-1.20491,Bottom-up only
1009,54687,pravastatin,0.5,0.46,0.84,2.2,0.556,27.218,3.05,Full PBPK Model,Enzyme kinetics,0.216,1e-05,1,1,424.53,1.242,4.83,0,2,Class_3B,Class 3,81093-37-0,,,,14,mixed,,"Hatanaka T  Clinical pharmacokinetics of pravastatin: mechanisms of pharmacokinetic events.    Clinical pharmacokinetics  (2000),  39(6),  397-412.  Journal code: 7606849.  ISSN:0312-5963.  PubMed ID 11192473 AN 2001146368    MEDLINE See also PDR3D Accessed August 24 2012 http://www.pdr3d.com/detail.php?c=58951#section-12","Hatanaka's review article reveals a relatively even distribution of metabolic, renal and biliary elimination",,Uptake/Biliary-influenced,Acid (ionized),2–4,Low (<0.7),0.187506,0.377406,0.108894,0.70196,-0.108894,-0.70196,0.139755,0.281294,0.683433,0.606585,0.683433,-0.606585,0.0883528,0.177833,0.552752,0.292194,0.552752,-0.292194,0.163029,0.328139,1.03019,0.0941731,1.03019,-0.0941731,0.53908,1.08504,3.08523,0.240265,3.08523,0.240265,0.202184,0.406948,1.16645,0.105321,1.16645,-0.105321,0.244319,0.491756,1.09788,0.747361,1.09788,-0.747361,-0.039155,0.336896,0.134898,-0.0788097,0.678092,0.271519,-0.136259,1.91878,0.579411,-0.0111483,0.134944,-0.119401,Neither (refinement)
1018,4911,probenecid,0.13,0.13,0.015,3.21,0.55,0.09,1,Full PBPK Model,Enzyme kinetics,0,1e-05,1,0,285.36,1.573,3.65,0,2,Class_1A,Class 1,57-66-9,,,,0.25,metabolism,M1,"Urinary excretion of probenecid and its metabolites in humans as a function of dose.     Melethil, Srikumaran; Conway, Walter D.    Sch. Pharm.,  State Univ. New York,  Buffalo,  NY,  USA.    Journal of Pharmaceutical Sciences  (1976),  65(6),  861-5.  ","From 75 to 88% of the dose was found in the urine, unchanged drug accounts for 4-13% of the dose",,Mixed/Other,Acid (ionized),2–4,Low (<0.7),0.157761,0.0828733,0.283114,0.152444,0.283114,0.152444,0.0437716,0.0229936,0.0365805,0.0703403,0.0365805,-0.0703403,0.259687,0.136416,0.402301,0.797985,-0.402301,-0.797985,1.70674,0.896565,2.32166,1.09656,-2.32166,-1.09656,1.67861,0.881788,2.29323,1.09087,-2.29323,-1.09087,1.93756,1.01782,2.52388,1.1288,-2.52388,-1.1288,1.96689,1.03322,2.52826,1.08953,-2.52826,-1.08953,-0.230821,-0.25895,1.56246,-0.121252,-0.136029,0.820775,-0.202213,-0.230641,2.02047,-0.032238,-0.037931,0.295733,Neither (refinement)
1041,441074,quinidine,0.26,2.9,0.24,2.81,0.82,3.87,1,Minimal PBPK Model,Enzyme kinetics,0,95,1,0,324.4,2.192,7.79,4.14,1,Class_2,Class 2,56-54-2,24,17,16,4,metabolic,M3,"Ochs H R; Greenblatt D J; Woo E  Clinical pharmacokinetics of quinidine.    Clinical pharmacokinetics  (1980),  5(2),  150-68.  Journal code: 7606849.  ISSN:0312-5963.  PubMed ID 6988137 AN 1980155724    MEDLINE. Hinted at metaboliuc elimination in liver by PDR3D. Accessed August 24 2012. http://www.pdr3d.com/detail.php?c=73959#section-3. No quantitative data available.",renal elimination accounts for 15 to 40% of unchanged drug,,Metabolism-leaning,Base (ionized),2–4,High (>2),0.0745502,0.101779,0.13938,0.225391,-0.13938,0.225391,0.130401,0.17803,0.004967,0.205338,-0.004967,-0.205338,0.111849,0.152701,0.0385217,0.0620282,0.0385217,-0.0620282,0.12433,0.169741,0.522024,0.118301,-0.522024,-0.118301,0.0924498,0.126217,0.23328,0.0835562,-0.23328,-0.0835562,0.176786,0.241356,0.403135,0.0257868,0.403135,-0.0257868,0.17496,0.238863,0.41695,0.0088841,0.41695,0.0088841,-0.0524559,-0.0843362,0.0377961,-0.0716152,-0.11514,0.051601,0.118889,-0.169855,0.371521,0.0925143,0.0577694,-0.00735665,Both acceptable
1094,77999,rosiglitazone,0.002,0.2,0.039,2.88,0.57,0,1,Full PBPK Model,Enzyme kinetics,0,0,1,0,357.427,1.501,7.14,5.86,5,Class_1A,Class 1,122320-73-4,,,,0.65,metabolic,M1,,,,Mixed/Other,Ampholyte,2–4,Low (<0.7),0.211147,0.278417,0.04081,0.630597,-0.04081,0.630597,0.136449,0.17992,0.311357,0.255653,0.311357,0.255653,0.13896,0.183231,0.0671383,0.971972,-0.0671383,-0.971972,0.130567,0.172165,0.234176,0.956866,-0.234176,-0.956866,0.130567,0.172165,0.234176,0.956866,-0.234176,-0.956866,0.216962,0.286084,0.942381,0.95206,-0.942381,-0.95206,0.34705,0.457618,1.33394,2.25391,-1.33394,-2.25391,-0.0863944,-0.0863944,0.0348047,-0.113919,-0.113919,0.0458931,-0.708205,-0.708205,0.52114,0.00480593,0.00480593,-0.0151059,Both acceptable
1095,446157,rosuvastatin,0.12,1.7,0.66,2.4,0.625,13.6,2.48,Full PBPK Model,Enzyme kinetics,6.46,1e-05,1,1,481.54,1.601,4.54,0,2,Class_3B,Class 3,287714-41-4,,,,11,metabolic,M3,,,,Uptake/Biliary-influenced,Acid (ionized),2–4,Mid (0.7–2),0.100703,0.253519,0.0938093,0.168942,0.0938093,0.168942,0.175243,0.441175,0.485737,0.0381458,0.485737,-0.0381458,0.955253,2.40485,0.3853,0.48441,0.3853,0.48441,0.435965,1.09754,1.66199,1.57767,1.66199,1.57767,0.723688,1.82189,5.146,3.13711,5.146,3.13711,0.296466,0.746353,1.79706,1.61727,1.79706,1.61727,0.272992,0.687258,1.81418,1.48687,1.81418,1.48687,0.139499,0.427222,-0.589037,0.351189,1.07553,-1.4829,-0.135076,3.34894,1.42032,-0.0395997,1.51984,1.11306,Neither (refinement)
1197,464205,tenofovir,0.93,0.83,0.186,-2.21,0.59,0,1,Full PBPK Model,Enzyme kinetics,0,1e-05,1,0,287.21,-1.118,1.77,6.64,0,Class_3A,Class 3,147127-20-6,,,,3.1,renal,R1,PDR Accessed December 17 2012. http://www.pdr3d.com/detail.php?c=583#section-4,"Following IV administration of tenofovir, approximately 70–80% of the dose is recovered in the urine as unchanged tenofovir within 72 hours of dosing.",,Mixed/Other,Neutral at pH 7.4,<2,Mid (0.7–2),0.0522497,0.116215,0.274585,0.586578,-0.274585,-0.586578,0.139651,0.310615,0.223491,1.49096,0.223491,-1.49096,0.139051,0.309279,0.19755,0.472588,0.19755,-0.472588,0.231688,0.515324,0.258569,0.553799,-0.258569,-0.553799,0.231688,0.515324,0.258569,0.553799,-0.258569,-0.553799,0.151131,0.336148,0.0788941,0.506934,0.0788941,-0.506934,0.123829,0.275422,0.10142,0.698783,0.10142,-0.698783,0.0805569,0.0805569,0.0523583,0.179176,0.179176,0.116456,0.179675,0.179675,-0.0175554,0.0468648,0.0468648,0.081211,Both acceptable
1245,5505,tolbutamide,0.05,0.12,0.0126,2.34,0.6,0.0015,1,Minimal PBPK Model,Enzyme kinetics,0,0,1,0,270.3,1.845,5.21,0,2,Class_1A,Class 1,64-77-7,4.7,3.4,1.5,0.21,Metabolic,M1,PDR Accessed December 17 2012 http://www.pdr3d.com/detail.php?c=42410#section-3," The p-methyl group is oxidized to form a carboxyl group, converting tolbutamide into the totally inactive metabolite 1-butyl-3-p-carboxy-phenylsulfonylurea, which can be recovered in the urine within 24 hours in amounts accounting for up to 75% of the administered dose.",,Mixed/Other,Acid (ionized),2–4,Low (<0.7),0.153731,0.300447,0.436248,0.310396,0.436248,-0.310396,0.160534,0.313743,0.493458,0.445015,0.493458,-0.445015,0.205342,0.401314,0.19592,1.29521,0.19592,-1.29521,0.129718,0.253517,0.46142,1.28382,-0.46142,-1.28382,0.129806,0.25369,0.459824,1.28373,-0.459824,-1.28373,0.242871,0.47466,0.46404,1.28468,0.46404,-1.28468,0.23624,0.4617,0.668812,0.874936,0.668812,-0.874936,-0.113153,-0.113065,-0.0223186,-0.221144,-0.220971,-0.0436187,-0.00262054,-0.00421646,0.26681,-0.00086035,-0.000951163,-0.0114303,Neither (refinement)
1293,60846,valsartan,0.04,0.22,0.0294,3.49,0.56,0.62,8.92,Full PBPK Model,Enzyme kinetics,0,1e-05,1,1,435.52,3.34,3.57,4.46,0,Class_3B,Class 3,137862-53-4,,,,0.49,biliary,B1,"Yamashiro, Wakaba; Maeda, Kazuya; Hirouchi, Masakazu; Adachi, Yasuhisa; Hu, Zhuohan; Sugiyama, Yuichi. Involvement of transporters in the hepatic uptake and biliary excretion of valsartan, a selective antagonist of the angiotensin II AT1-receptor, in humans. Drug Metabolism and Disposition (2006), 34(7), 1247-1254.","~80% biliary and ~20% renal unchanged.
Few amount of metalbiltes",,Uptake/Biliary-influenced,Neutral at pH 7.4,2–4,Low (<0.7),0.301146,0.483291,1.51859,2.46297,-1.51859,-2.46297,0.390163,0.626148,1.71776,3.42131,-1.71776,-3.42131,0.477108,0.76568,2.07326,4.06867,-2.07326,-4.06867,0.466686,0.748954,1.88057,4.08073,-1.88057,-4.08073,0.457827,0.734737,1.63689,4.07707,-1.63689,-4.07707,0.550358,0.883234,2.81684,4.07692,-2.81684,-4.07692,0.497543,0.798475,2.61437,3.24206,-2.61437,-3.24206,-0.0836721,-0.092531,0.00500651,-0.13428,-0.148497,0.00803463,-0.936273,-1.17996,0.174214,0.00380726,0.000147261,0.00832074,Neither (refinement)
1300,2520,verapamil,0.093,3.7,1.08,3.98,0.709,6.672,1.145,Full PBPK Model,Enzyme kinetics,0,100,1,0,454.6,3.23,8.43,0,3,Class_2,Class 2,52-53-9,750,106,236,18,metabolic,M1,"M. Eichelbaum, A. Somogyi, G. E. von Unruh, and H. J. Dengler. Simultaneous Determination of the Intravenous and Oral Pharmacokinetic Parameters of D,L-Verapamil Using Stable Isotope-Labelled Verapamil. Eur. J. Clin. Pharmacol. (1981) 19, 133-137","""Verapamil is completely absorbed and is excreted essentially as metabolites in urine with very little unchanged drug (Schomerus M et al. Physiological disposition of verapamil in man. Cardiovasc Res (1976) 10:605-612)""",,Metabolism-leaning,Base (ionized),2–4,High (>2),0.141221,0.236389,0.642913,0.741043,0.642913,0.741043,0.214052,0.358301,1.12274,0.227703,1.12274,-0.227703,0.203907,0.34132,1.0712,0.707539,1.0712,-0.707539,0.192967,0.323008,0.988557,0.720173,0.988557,-0.720173,0.215247,0.360302,1.14529,0.720167,1.14529,-0.720167,0.249632,0.41786,1.39037,0.708078,1.39037,-0.708078,0.283444,0.474457,1.58311,0.0618622,1.58311,-0.0618622,-0.0566648,-0.0343855,0.0285323,-0.0948513,-0.0575579,0.0477602,-0.401817,-0.245082,0.196634,0.0120952,0.0120893,0.00658323,Neither (refinement)
1319,71616,voriconazole,0.42,2.2,0.498,1.71,0.55,0.09,1.39,Minimal PBPK Model,Enzyme kinetics,0,1e-05,1,0,349.31,2.463,2.42,0,3,Class_2,Class 2,137234-62-9,,,,8.3,metabolic,M1,Roffey et al.,Reported quantitation of metabolites reaching 70%.,,Mixed/Other,Neutral at pH 7.4,<2,High (>2),0.0665415,0.121082,0.00883278,0.0775931,-0.00883278,0.0775931,0.177676,0.323307,0.179002,0.745869,0.179002,-0.745869,0.157882,0.28729,0.21264,0.36433,0.21264,-0.36433,0.251775,0.45814,1.08889,0.170672,1.08889,-0.170672,0.253093,0.460539,1.09758,0.169619,1.09758,-0.169619,0.432029,0.786139,2.34378,0.0170318,2.34378,-0.0170318,0.441743,0.803815,2.44289,0.157735,2.44289,0.157735,-0.180255,-0.178936,0.184679,-0.327999,-0.325599,0.33605,-1.25489,-1.2462,1.50804,0.153641,0.152587,-0.200653,Neither (refinement)
1323,54678486,warfarin,0.015,0.13,0.0033,2.7,0.59,0.003,1,Minimal PBPK Model,Enzyme kinetics,0,0,1,0,308.3,2.332,5.09,0,2,Class_1A,Class 1,81-81-2,3.8,3,2,0.055,metabolic,M1,http://www.accessdata.fda.gov/drugsatfda_docs/label/2010/009218s108lbl.pdf. Accessed March 15 2012.,Studies with radiolabeled drug have demonstrated that up to 92% of the orally administered dose is recovered in urine. Very little warfarin is excreted unchanged in urine. Urinary excretion is in the form of metabolites,,Mixed/Other,Acid (ionized),2–4,Low (<0.7),0.218302,0.333603,0.259506,0.860209,0.259506,-0.860209,0.221088,0.33786,0.278798,0.997345,0.278798,-0.997345,0.254653,0.389152,0.492426,2.36377,-0.492426,-2.36377,0.682049,1.04229,2.84338,2.38186,-2.84338,-2.38186,0.681228,1.04103,2.84084,2.38176,-2.84084,-2.38176,0.451258,0.689598,2.00498,2.39384,-2.00498,-2.39384,0.468545,0.716015,1.92653,2.01075,-1.92653,-2.01075,0.230791,0.22997,0.320234,0.352688,0.351433,0.489371,0.838396,0.835861,1.93048,-0.01198,-0.0120753,0.0180348,Neither (refinement)
1341,35370,zidovudine,0.8,1.8,1.5,0.05,0.91,15.5,2.47,Full PBPK Model,Enzyme kinetics,0,1e-05,1,0,267.24,-0.246,9.45,0,2,Class_2,Class 2,30516-87-1,377,6.2,,25,metabolic,M1,"Veal, Gareth J.; Back, David J. Metabolism of Zidovudine. General Pharmacology (1995), 26(7), 1469-1475",,,Renal-leaning,Neutral at pH 7.4,<2,Mid (0.7–2),0.118475,0.174289,0.519549,0.377232,0.519549,0.377232,0.12809,0.187667,0.328472,0.17723,0.328472,-0.17723,0.143554,0.213786,0.348741,0.324774,0.348741,0.324774,0.270953,0.399147,1.27403,0.913337,1.27403,0.913337,0.486406,0.718749,2.12912,1.2795,2.12912,1.2795,0.479393,0.708473,2.07985,1.21811,2.07985,1.21811,0.48058,0.709993,2.16268,1.507,2.16268,1.507,-0.20844,0.00701309,0.336433,-0.309326,0.010276,0.495447,-0.805819,0.0492661,1.75574,-0.304771,0.0613967,0.924032,Neither (refinement)
