run_id,enabled,input_csv,wksz_dir,overrides,test_drugs,note,scenario,ct_file,test_mode,produced
v0_run0,FALSE,re_run_inputs/tables/v0_run0_adme_key_inputs.csv,wksz_v0_library,NA,NA,"PBPK_v0 Simcyp baseline: library files as shipped, nothing applied; needs its own wksz folder",v0_run0,C:/Users/lic154/Documents/2026/jcim_paper_mod_run02/output_batch/v0_run0/ct_wide_all.xlsx,FALSE,9/20/2026 14:18
v1_run0,TRUE,re_run_inputs/tables/v1_run0_adme_key_inputs.csv,wksz_tier1_minimal,NA,NA,"PBPK_v1 minimal control: observed Fu, Vss, CLsys",v1_run0,C:/Users/lic154/Documents/2026/jcim_paper_mod_run01/output_batch/v1_run0/ct_wide_all.xlsx,FALSE,9/19/2026 15:34
s1_run1,TRUE,re_run_inputs/tables/s1_run1_adme_key_inputs.csv,wksz_tier1_minimal,NA,NA,sensitivity: S+ physchem only,s1_run1,C:/Users/lic154/Documents/2026/jcim_paper_mod_run01/output_batch/s1_run1/ct_wide_all.xlsx,FALSE,9/19/2026 15:34
s1_run2,TRUE,re_run_inputs/tables/s1_run2_adme_key_inputs.csv,wksz_tier1_minimal,NA,NA,sensitivity: + S+ Fu,s1_run2,C:/Users/lic154/Documents/2026/jcim_paper_mod_run01/output_batch/s1_run2/ct_wide_all.xlsx,FALSE,9/19/2026 15:34
s1_run3,TRUE,re_run_inputs/tables/s1_run3_adme_key_inputs.csv,wksz_tier1_minimal,NA,NA,sensitivity: + S+ Vss,s1_run3,C:/Users/lic154/Documents/2026/jcim_paper_mod_run01/output_batch/s1_run3/ct_wide_all.xlsx,FALSE,9/19/2026 15:34
h1_run0,TRUE,re_run_inputs/tables/h1_run0_adme_key_inputs.csv,wksz_tier1_minimal,NA,52;1009;1001,"PBPK_V2_CLint: S+ HLM CLint, template CLRbase retained | route confirmed by probe 3 (ClearanceSwitch=1 + WOMC_CLintType1=2)",h1_run0,C:/Users/lic154/Documents/2026/jcim_paper_mod_run01/output_batch/h1_run0/ct_wide_all.xlsx,FALSE,9/19/2026 15:34
h1_run1,TRUE,re_run_inputs/tables/h1_run1_adme_key_inputs.csv,wksz_tier1_minimal,NA,52;1009;1001,"bottom-up full, Kp 0, template CLRbase | route confirmed by probe 3 (ClearanceSwitch=1 + WOMC_CLintType1=2)",h1_run1,C:/Users/lic154/Documents/2026/jcim_paper_mod_run01/output_batch/h1_run1/ct_wide_all.xlsx,FALSE,9/19/2026 15:34
h1_run2,TRUE,re_run_inputs/tables/h1_run2_adme_key_inputs.csv,wksz_tier1_minimal,NA,52;1009;1001,"bottom-up full, Kp 1, template CLRbase | route confirmed by probe 3 (ClearanceSwitch=1 + WOMC_CLintType1=2)",h1_run2,C:/Users/lic154/Documents/2026/jcim_paper_mod_run01/output_batch/h1_run2/ct_wide_all.xlsx,FALSE,9/19/2026 15:34
h1_run3,TRUE,re_run_inputs/tables/h1_run3_adme_key_inputs.csv,wksz_tier1_minimal,NA,52;1009;1001,"bottom-up full, Kp 2, template CLRbase | route confirmed by probe 3 (ClearanceSwitch=1 + WOMC_CLintType1=2)",h1_run3,C:/Users/lic154/Documents/2026/jcim_paper_mod_run01/output_batch/h1_run3/ct_wide_all.xlsx,FALSE,9/19/2026 15:34
h1_run0_noCLr,TRUE,re_run_inputs/tables/h1_run0_noCLr_adme_key_inputs.csv,wksz_tier1_minimal,NA,52;1009;1001,"as h1_run0, CLRbase = 0 | route confirmed by probe 3 (ClearanceSwitch=1 + WOMC_CLintType1=2)",h1_run0_noCLr,C:/Users/lic154/Documents/2026/jcim_paper_mod_run01/output_batch/h1_run0_noCLr/ct_wide_all.xlsx,FALSE,9/19/2026 15:34
h1_run1_noCLr,TRUE,re_run_inputs/tables/h1_run1_noCLr_adme_key_inputs.csv,wksz_tier1_minimal,NA,52;1009;1001,"as h1_run1, CLRbase = 0 | route confirmed by probe 3 (ClearanceSwitch=1 + WOMC_CLintType1=2)",h1_run1_noCLr,C:/Users/lic154/Documents/2026/jcim_paper_mod_run01/output_batch/h1_run1_noCLr/ct_wide_all.xlsx,FALSE,9/19/2026 15:34
h1_run2_noCLr,TRUE,re_run_inputs/tables/h1_run2_noCLr_adme_key_inputs.csv,wksz_tier1_minimal,NA,52;1009;1001,"as h1_run2, CLRbase = 0 | route confirmed by probe 3 (ClearanceSwitch=1 + WOMC_CLintType1=2)",h1_run2_noCLr,C:/Users/lic154/Documents/2026/jcim_paper_mod_run01/output_batch/h1_run2_noCLr/ct_wide_all.xlsx,FALSE,9/19/2026 15:34
h1_run3_noCLr,TRUE,re_run_inputs/tables/h1_run3_noCLr_adme_key_inputs.csv,wksz_tier1_minimal,NA,52;1009;1001,"as h1_run3, CLRbase = 0 | route confirmed by probe 3 (ClearanceSwitch=1 + WOMC_CLintType1=2)",h1_run3_noCLr,C:/Users/lic154/Documents/2026/jcim_paper_mod_run01/output_batch/h1_run3_noCLr/ct_wide_all.xlsx,FALSE,9/19/2026 15:34
h2_run4,TRUE,re_run_inputs/tables/h2_run4_adme_key_inputs.csv,wksz_tier1_minimal,NA,NA,"PBPK_V3_CLsys: S+ Fu, S+ Vss, ML CLsys",h2_run4,C:/Users/lic154/Documents/2026/jcim_paper_mod_run01/output_batch/h2_run4/ct_wide_all.xlsx,FALSE,9/19/2026 15:34
h2_run0,TRUE,re_run_inputs/tables/h2_run0_adme_key_inputs.csv,wksz_tier1_minimal,NA,NA,"PBPK_V4_ML: ML Fu, ML Vss, ML CLsys",h2_run0,C:/Users/lic154/Documents/2026/jcim_paper_mod_run01/output_batch/h2_run0/ct_wide_all.xlsx,FALSE,9/19/2026 15:34
h2_run1,TRUE,re_run_inputs/tables/h2_run1_adme_key_inputs.csv,wksz_tier1_minimal,NA,NA,"top-down full, Kp 0",h2_run1,C:/Users/lic154/Documents/2026/jcim_paper_mod_run01/output_batch/h2_run1/ct_wide_all.xlsx,FALSE,9/19/2026 15:34
h2_run2,TRUE,re_run_inputs/tables/h2_run2_adme_key_inputs.csv,wksz_tier1_minimal,NA,NA,"top-down full, Kp 1",h2_run2,C:/Users/lic154/Documents/2026/jcim_paper_mod_run01/output_batch/h2_run2/ct_wide_all.xlsx,FALSE,9/19/2026 15:34
h2_run3,TRUE,re_run_inputs/tables/h2_run3_adme_key_inputs.csv,wksz_tier1_minimal,NA,NA,"top-down full, Kp 2",h2_run3,C:/Users/lic154/Documents/2026/jcim_paper_mod_run01/output_batch/h2_run3/ct_wide_all.xlsx,FALSE,9/19/2026 15:34
