run_id,Drug,template_ClearanceSwitch,template_CL_MetBas,template_CLRbase
s1_run1,52,0,3.108,0.678
s1_run1,172,0,37.38,0.216
s1_run1,177,0,79.8,0.625
s1_run1,184,0,5.88,0.038
s1_run1,295,0,30.66,8.05
s1_run1,308,0,10.5,0.041
s1_run1,323,0,40.95,2.51
s1_run1,332,0,8.106,5.85
s1_run1,366,0,46.2,1.5
s1_run1,394,0,7.14,9.66
s1_run1,413,0,58.8,1.71
s1_run1,471,0,23.52,3.13
s1_run1,488,0,3.318,0
s1_run1,637,0,54.6,0.15
s1_run1,674,0,21.42,0
s1_run1,703,0,18.48,0
s1_run1,739,0,4.2,0.019
s1_run1,781,0,8.82,32.3
s1_run1,787,0,8.82,6.15
s1_run1,800,0,50.7,5.23
s1_run1,811,0,22.26,0.085
s1_run1,832,0,2.856,4e-4
s1_run1,875,0,30.66,0.031
s1_run1,907,0,24.36,0.9
s1_run1,938,0,75.6,0.5
s1_run1,963,0,88.2,0
s1_run1,967,0,0.265,0.074
s1_run1,973,0,1.554,0.0149
s1_run1,1001,0,18.06,0
s1_run1,1009,0,58.8,27.218
s1_run1,1018,0,1.05,0.09
s1_run1,1041,0,16.8,3.87
s1_run1,1094,0,2.73,0
s1_run1,1095,0,46.2,13.6
s1_run1,1197,0,13.02,0
s1_run1,1245,0,0.882,0.0015
s1_run1,1293,0,0.04,0.62
s1_run1,1300,0,75.6,6.672
s1_run1,1319,0,34.86,0.09
s1_run1,1323,0,0.231,0.003
s1_run1,1341,0,105,15.5
