Drug,Fu,pKa1,pKa2,CompoundType,LogP,bp,HBAValue,HBDValue,Mole_Wh,DistributionModel,KpPredictionMethod,VssSwitch,ClearanceSwitch,WOMC_CLintType1,WOMC_MicrosomeCLintValue1,WOMC_MicrosomeFUinc11,WOMC_HepatocyteCLintValue,CLRbase
52,0.0664824965,2.65,0,3,3.927,0.794,3,0,308.8,1,2,1,1,2,18.31176037,1,0,0
172,0.2226881493,9.12,0,3,1.874,0.98,3,2,261.36,1,2,1,1,2,42.08041303,1,0,0
177,0.131895392,10.01,8.21,5,4.317,0.774,5,2,467.64,1,2,1,1,2,223.58226821,1,0,0
184,0.8246744935,1.43,0,3,0.082,0.863,3,0,194.19,1,2,1,1,2,13.60276895,1,0,0
295,0.5092259201,8.21,0,3,-0.37,0.742,14,4,748,1,2,1,1,2,93.66156856,1,0,0
308,0.070630508,7.67,0,3,3.095,0.966,4,1,326.8,1,2,1,1,2,32.09657739,1,0,0
323,0.0987242805,9.63,5.05,1,3.771,0.875,5,2,450.34,1,2,1,1,2,47.3716042,1,0,0
332,0.2794767387,3.21,12.19,5,0.975,0.807,9,4,471.5,1,2,1,1,2,6.32158278,1,0,0
366,0.1232749457,9.69,0,3,3.644,1.072,2,1,266.4,1,2,1,1,2,82.06376545,1,0,0
394,0.2447660142,0,0,4,0.551,0.725,14,6,780.94,1,2,1,1,2,21.24522301,1,0,0
413,0.0737192269,0,0,4,0.459,0.649,15,5,807.89,1,2,1,1,2,289.30113634,1,0,0
471,0.5683161875,8.23,0,3,-0.545,0.765,14,5,733.9,1,2,1,1,2,69.60206596,1,0,0
488,0.0787503099,4.34,0,3,2.121,0.73,4,0,358.8,1,2,1,1,2,18.82351574,1,0,0
637,0.133013336,9.04,0,3,3.876,0.962,2,0,280.4,1,2,1,1,2,173.46098926,1,0,0
674,0.0163888689,3.78,0,3,4.179,0.644,9,0,705.6,1,2,1,1,2,556.16588124,1,0,0
703,0.0729008483,3.69,0,3,1.268,0.644,4,1,369.4,1,2,1,1,2,15.7486918,1,0,0
739,0.0918783405,11.29,1.52,5,2.953,0.894,4,2,321.16,1,2,1,1,2,13.36034528,1,0,0
781,0.9917883525,10.81,0,3,-0.329,1.258,5,4,129.16,1,2,1,1,2,1.02985963,1,0,0
787,0.2931524596,4.4,3.53,0,-0.313,0.661,13,5,454.44,1,2,1,1,2,5.23924038,1,0,0
800,0.5612584019,9.59,0,3,1.653,0.935,4,2,267.4,1,2,1,1,2,16.54876182,1,0,0
811,0.0521274648,5.28,0,3,3.864,0.752,2,0,325.8,1,2,1,1,2,55.10220874,1,0,0
832,0.0042045457,4.83,0,2,5.252,0.614,4,2,586.2,1,2,1,1,2,1096.94734548,1,0,0
875,0.0854397994,0,0,0,1.258,0.942,7,1,346.3,1,2,1,1,2,158.43467083,1,0,0
907,0.3822122892,7.11,0,3,1.981,0.844,2,0,293.4,1,2,1,1,2,27.90027615,1,0,0
938,0.1242805838,9.6,0,3,3.289,0.906,4,1,329.4,1,2,1,1,2,26.10351746,1,0,0
963,0.3815869614,0,0,0,1.68,0.907,3,1,179.22,1,2,1,1,2,19.42113644,1,0,0
967,0.2217861066,7.3,0,2,1.185,0.796,5,2,232.24,1,2,1,1,2,17.46522385,1,0,0
973,0.1299051074,8.15,0,2,2.201,0.951,4,2,252.28,1,2,1,1,2,18.53325728,1,0,0
1001,0.02398,3.69,2.81,1,3.948,0.639,9,1,700.8,1,2,1,1,2,357.231,1,0,0
1009,0.0975927913,4.83,0,2,1.242,0.635,7,4,424.53,1,2,1,1,2,15.32412171,1,0,0
1018,0.1525195804,3.65,0,2,1.573,0.626,5,1,285.36,1,2,1,1,2,13.23518105,1,0,0
1041,0.1560183262,7.79,4.14,1,2.192,0.893,4,1,324.4,1,2,1,1,2,43.36702246,1,0,0
1094,0.0201095146,7.14,5.86,5,1.501,0.651,6,1,357.427,1,2,1,1,2,42.39192686,1,0,0
1095,0.0617986616,4.54,0,2,1.601,0.608,9,3,481.54,1,2,1,1,2,7.16696226,1,0,0
1197,0.8788789783,1.77,6.64,0,-1.118,0.778,8,3,287.21,1,2,1,1,2,6.67691069,1,0,0
1245,0.0461859646,5.21,0,2,1.845,0.641,5,2,270.3,1,2,1,1,2,9.32257631,1,0,0
1293,0.020413751,3.57,4.46,0,3.34,0.621,7,2,435.52,1,2,1,1,2,10.65048981,1,0,0
1300,0.1090032586,8.43,0,3,3.23,0.653,6,0,454.6,1,2,1,1,2,679.19512995,1,0,0
1319,0.2152097058,2.42,0,3,2.463,0.873,5,1,349.31,1,2,1,1,2,26.2349825,1,0,0
1323,0.0187570003,5.09,0,2,2.332,0.656,4,1,308.3,1,2,1,1,2,43.21438301,1,0,0
1341,0.610826059,9.45,0,2,-0.246,0.888,6,2,267.24,1,2,1,1,2,12.86944194,1,0,0
